CREATE DATABASE  IF NOT EXISTS `bd_banca_digital` /*!40100 DEFAULT CHARACTER SET utf8mb4 COLLATE utf8mb4_0900_ai_ci */ /*!80016 DEFAULT ENCRYPTION='N' */;
USE `bd_banca_digital`;
-- MySQL dump 10.13  Distrib 8.0.32, for Win64 (x86_64)
--
-- Host: localhost    Database: bd_banca_digital
-- ------------------------------------------------------
-- Server version	8.0.32

/*!40101 SET @OLD_CHARACTER_SET_CLIENT=@@CHARACTER_SET_CLIENT */;
/*!40101 SET @OLD_CHARACTER_SET_RESULTS=@@CHARACTER_SET_RESULTS */;
/*!40101 SET @OLD_COLLATION_CONNECTION=@@COLLATION_CONNECTION */;
/*!50503 SET NAMES utf8 */;
/*!40103 SET @OLD_TIME_ZONE=@@TIME_ZONE */;
/*!40103 SET TIME_ZONE='+00:00' */;
/*!40014 SET @OLD_UNIQUE_CHECKS=@@UNIQUE_CHECKS, UNIQUE_CHECKS=0 */;
/*!40014 SET @OLD_FOREIGN_KEY_CHECKS=@@FOREIGN_KEY_CHECKS, FOREIGN_KEY_CHECKS=0 */;
/*!40101 SET @OLD_SQL_MODE=@@SQL_MODE, SQL_MODE='NO_AUTO_VALUE_ON_ZERO' */;
/*!40111 SET @OLD_SQL_NOTES=@@SQL_NOTES, SQL_NOTES=0 */;

--
-- Table structure for table `cliente`
--

DROP TABLE IF EXISTS `cliente`;
/*!40101 SET @saved_cs_client     = @@character_set_client */;
/*!50503 SET character_set_client = utf8mb4 */;
CREATE TABLE `cliente` (
  `id` bigint NOT NULL AUTO_INCREMENT,
  `email` varchar(255) DEFAULT NULL,
  `nombre` varchar(255) DEFAULT NULL,
  PRIMARY KEY (`id`)
) ENGINE=InnoDB AUTO_INCREMENT=6 DEFAULT CHARSET=utf8mb4 COLLATE=utf8mb4_0900_ai_ci;
/*!40101 SET character_set_client = @saved_cs_client */;

--
-- Dumping data for table `cliente`
--

LOCK TABLES `cliente` WRITE;
/*!40000 ALTER TABLE `cliente` DISABLE KEYS */;
INSERT INTO `cliente` VALUES (1,'chistian@gmail.com','Chistian'),(2,'julen@gmail.com','Julen'),(3,'cojudo@gmail.com','Cojudo'),(4,'luis@gmail.com','Luis'),(5,'sandra@gmail.com','Sandra');
/*!40000 ALTER TABLE `cliente` ENABLE KEYS */;
UNLOCK TABLES;

--
-- Table structure for table `cuenta_bancaria`
--

DROP TABLE IF EXISTS `cuenta_bancaria`;
/*!40101 SET @saved_cs_client     = @@character_set_client */;
/*!50503 SET character_set_client = utf8mb4 */;
CREATE TABLE `cuenta_bancaria` (
  `tipo` varchar(4) NOT NULL,
  `id` varchar(255) NOT NULL,
  `balance` double NOT NULL,
  `estado_cuenta` enum('CREADA','ACTIVADA','SUSPENDIDA') DEFAULT NULL,
  `fecha_creacion` datetime(6) DEFAULT NULL,
  `sobregiro` double DEFAULT NULL,
  `tasa_de_interes` double DEFAULT NULL,
  `cliente_id` bigint DEFAULT NULL,
  PRIMARY KEY (`id`),
  KEY `FK1glau61vtdmqeeuauk2hs814q` (`cliente_id`),
  CONSTRAINT `FK1glau61vtdmqeeuauk2hs814q` FOREIGN KEY (`cliente_id`) REFERENCES `cliente` (`id`)
) ENGINE=InnoDB DEFAULT CHARSET=utf8mb4 COLLATE=utf8mb4_0900_ai_ci;
/*!40101 SET character_set_client = @saved_cs_client */;

--
-- Dumping data for table `cuenta_bancaria`
--

LOCK TABLES `cuenta_bancaria` WRITE;
/*!40000 ALTER TABLE `cuenta_bancaria` DISABLE KEYS */;
INSERT INTO `cuenta_bancaria` VALUES ('SA','37a744c6-f92c-4488-9254-86a9e49cf8ad',1802151.597371094,'SUSPENDIDA','2024-03-14 17:56:37.870000',NULL,5.5,4),('CA','586220bf-5793-4b23-b87c-2c66934cd82b',2557848.0691594095,'SUSPENDIDA','2024-03-14 17:56:36.145000',9000,NULL,2),('SA','77a7293c-3fb8-412c-a5d2-cb11cb6e1d31',892504.175019853,'ACTIVADA','2024-03-14 17:56:38.718000',NULL,5.5,5),('SA','7849eb05-38c4-48bd-94ba-4a1a9194abaf',3511645.0761402277,'CREADA','2024-03-14 17:56:35.546000',NULL,5.5,1),('CA','7bee5389-8e86-48d0-bd39-98f008187a2c',506583.7466630079,'SUSPENDIDA','2024-03-14 17:56:38.707000',9000,NULL,5),('SA','89b08c41-b504-49db-877e-8af0c8f9b23f',2063817.9407463484,'SUSPENDIDA','2024-03-14 17:56:36.897000',NULL,5.5,3),('SA','934cdc29-af30-4c9f-a79b-275b4d1361dd',2787751.309236472,'CREADA','2024-03-14 17:56:36.154000',NULL,5.5,2),('CA','a84530d0-a63d-4466-a605-05c38167cbdc',1821246.8542521768,'ACTIVADA','2024-03-14 17:56:36.889000',9000,NULL,3),('CA','c9e2eac6-a32f-4096-9f8d-7879b87ea0d7',3528275.4022629578,'SUSPENDIDA','2024-03-14 17:56:35.491000',9000,NULL,1),('CA','f77c1349-74b1-4026-8c7f-47af146196f9',1275461.666700749,'SUSPENDIDA','2024-03-14 17:56:37.863000',9000,NULL,4);
/*!40000 ALTER TABLE `cuenta_bancaria` ENABLE KEYS */;
UNLOCK TABLES;

--
-- Table structure for table `operacion_cuenta`
--

DROP TABLE IF EXISTS `operacion_cuenta`;
/*!40101 SET @saved_cs_client     = @@character_set_client */;
/*!50503 SET character_set_client = utf8mb4 */;
CREATE TABLE `operacion_cuenta` (
  `id` bigint NOT NULL AUTO_INCREMENT,
  `descripcion` varchar(255) DEFAULT NULL,
  `fecha_operacion` datetime(6) DEFAULT NULL,
  `monto` double NOT NULL,
  `tipo_operacion` enum('DEBITO','CREDITO') DEFAULT NULL,
  `cuenta_bancaria_id` varchar(255) DEFAULT NULL,
  PRIMARY KEY (`id`),
  KEY `FKqlvj9pyfssaqg2nvpin2tawpi` (`cuenta_bancaria_id`),
  CONSTRAINT `FKqlvj9pyfssaqg2nvpin2tawpi` FOREIGN KEY (`cuenta_bancaria_id`) REFERENCES `cuenta_bancaria` (`id`)
) ENGINE=InnoDB AUTO_INCREMENT=606 DEFAULT CHARSET=utf8mb4 COLLATE=utf8mb4_0900_ai_ci;
/*!40101 SET character_set_client = @saved_cs_client */;

--
-- Dumping data for table `operacion_cuenta`
--

LOCK TABLES `operacion_cuenta` WRITE;
/*!40000 ALTER TABLE `operacion_cuenta` DISABLE KEYS */;
INSERT INTO `operacion_cuenta` VALUES (1,'Credito','2024-03-14 17:56:35.591000',65044.11978193437,'CREDITO','7849eb05-38c4-48bd-94ba-4a1a9194abaf'),(2,'Debito','2024-03-14 17:56:35.619000',7636.2276004540345,'DEBITO','7849eb05-38c4-48bd-94ba-4a1a9194abaf'),(3,'Credito','2024-03-14 17:56:35.637000',24057.344394112086,'CREDITO','7849eb05-38c4-48bd-94ba-4a1a9194abaf'),(4,'Debito','2024-03-14 17:56:35.654000',1777.1725877526687,'DEBITO','7849eb05-38c4-48bd-94ba-4a1a9194abaf'),(5,'Credito','2024-03-14 17:56:35.672000',30174.990391889183,'CREDITO','7849eb05-38c4-48bd-94ba-4a1a9194abaf'),(6,'Debito','2024-03-14 17:56:35.689000',3747.055271859061,'DEBITO','7849eb05-38c4-48bd-94ba-4a1a9194abaf'),(7,'Credito','2024-03-14 17:56:35.704000',86520.47395207973,'CREDITO','7849eb05-38c4-48bd-94ba-4a1a9194abaf'),(8,'Debito','2024-03-14 17:56:35.718000',1007.7994782644404,'DEBITO','7849eb05-38c4-48bd-94ba-4a1a9194abaf'),(9,'Credito','2024-03-14 17:56:35.734000',41479.17631283056,'CREDITO','7849eb05-38c4-48bd-94ba-4a1a9194abaf'),(10,'Debito','2024-03-14 17:56:35.753000',5649.976932543163,'DEBITO','7849eb05-38c4-48bd-94ba-4a1a9194abaf'),(11,'Credito','2024-03-14 17:56:35.768000',23997.40678927662,'CREDITO','7849eb05-38c4-48bd-94ba-4a1a9194abaf'),(12,'Debito','2024-03-14 17:56:35.788000',7466.1577012205735,'DEBITO','7849eb05-38c4-48bd-94ba-4a1a9194abaf'),(13,'Credito','2024-03-14 17:56:35.803000',114035.13667548841,'CREDITO','7849eb05-38c4-48bd-94ba-4a1a9194abaf'),(14,'Debito','2024-03-14 17:56:35.819000',6977.284306214569,'DEBITO','7849eb05-38c4-48bd-94ba-4a1a9194abaf'),(15,'Credito','2024-03-14 17:56:35.836000',81663.80678714626,'CREDITO','7849eb05-38c4-48bd-94ba-4a1a9194abaf'),(16,'Debito','2024-03-14 17:56:35.852000',1988.8214352294044,'DEBITO','7849eb05-38c4-48bd-94ba-4a1a9194abaf'),(17,'Credito','2024-03-14 17:56:35.867000',55462.858213521555,'CREDITO','7849eb05-38c4-48bd-94ba-4a1a9194abaf'),(18,'Debito','2024-03-14 17:56:35.880000',1322.7458842588492,'DEBITO','7849eb05-38c4-48bd-94ba-4a1a9194abaf'),(19,'Credito','2024-03-14 17:56:35.895000',70323.44601074979,'CREDITO','7849eb05-38c4-48bd-94ba-4a1a9194abaf'),(20,'Debito','2024-03-14 17:56:35.908000',1150.2797966946816,'DEBITO','7849eb05-38c4-48bd-94ba-4a1a9194abaf'),(21,'Credito','2024-03-14 17:56:35.919000',66319.70157654848,'CREDITO','c9e2eac6-a32f-4096-9f8d-7879b87ea0d7'),(22,'Debito','2024-03-14 17:56:35.931000',9050.568803039638,'DEBITO','c9e2eac6-a32f-4096-9f8d-7879b87ea0d7'),(23,'Credito','2024-03-14 17:56:35.940000',100636.8345073169,'CREDITO','c9e2eac6-a32f-4096-9f8d-7879b87ea0d7'),(24,'Debito','2024-03-14 17:56:35.948000',4894.773442489528,'DEBITO','c9e2eac6-a32f-4096-9f8d-7879b87ea0d7'),(25,'Credito','2024-03-14 17:56:35.958000',127205.66133601102,'CREDITO','c9e2eac6-a32f-4096-9f8d-7879b87ea0d7'),(26,'Debito','2024-03-14 17:56:35.972000',3646.4815956379634,'DEBITO','c9e2eac6-a32f-4096-9f8d-7879b87ea0d7'),(27,'Credito','2024-03-14 17:56:35.986000',34114.768333760134,'CREDITO','c9e2eac6-a32f-4096-9f8d-7879b87ea0d7'),(28,'Debito','2024-03-14 17:56:35.998000',2561.709799648558,'DEBITO','c9e2eac6-a32f-4096-9f8d-7879b87ea0d7'),(29,'Credito','2024-03-14 17:56:36.012000',104359.04241034592,'CREDITO','c9e2eac6-a32f-4096-9f8d-7879b87ea0d7'),(30,'Debito','2024-03-14 17:56:36.025000',4339.486750230906,'DEBITO','c9e2eac6-a32f-4096-9f8d-7879b87ea0d7'),(31,'Credito','2024-03-14 17:56:36.038000',85216.43921169674,'CREDITO','c9e2eac6-a32f-4096-9f8d-7879b87ea0d7'),(32,'Debito','2024-03-14 17:56:36.051000',6932.129694398,'DEBITO','c9e2eac6-a32f-4096-9f8d-7879b87ea0d7'),(33,'Credito','2024-03-14 17:56:36.062000',16578.224732423387,'CREDITO','c9e2eac6-a32f-4096-9f8d-7879b87ea0d7'),(34,'Debito','2024-03-14 17:56:36.073000',4778.491891038696,'DEBITO','c9e2eac6-a32f-4096-9f8d-7879b87ea0d7'),(35,'Credito','2024-03-14 17:56:36.083000',106821.38089377705,'CREDITO','c9e2eac6-a32f-4096-9f8d-7879b87ea0d7'),(36,'Debito','2024-03-14 17:56:36.092000',6619.9838684758815,'DEBITO','c9e2eac6-a32f-4096-9f8d-7879b87ea0d7'),(37,'Credito','2024-03-14 17:56:36.104000',61109.9150255855,'CREDITO','c9e2eac6-a32f-4096-9f8d-7879b87ea0d7'),(38,'Debito','2024-03-14 17:56:36.114000',1134.9448068093343,'DEBITO','c9e2eac6-a32f-4096-9f8d-7879b87ea0d7'),(39,'Credito','2024-03-14 17:56:36.122000',93024.19996994236,'CREDITO','c9e2eac6-a32f-4096-9f8d-7879b87ea0d7'),(40,'Debito','2024-03-14 17:56:36.133000',5859.522458571167,'DEBITO','c9e2eac6-a32f-4096-9f8d-7879b87ea0d7'),(41,'Credito','2024-03-14 17:56:36.177000',91610.13546208988,'CREDITO','586220bf-5793-4b23-b87c-2c66934cd82b'),(42,'Debito','2024-03-14 17:56:36.187000',1647.3104568103195,'DEBITO','586220bf-5793-4b23-b87c-2c66934cd82b'),(43,'Credito','2024-03-14 17:56:36.198000',43318.449655385215,'CREDITO','586220bf-5793-4b23-b87c-2c66934cd82b'),(44,'Debito','2024-03-14 17:56:36.209000',8372.462150337955,'DEBITO','586220bf-5793-4b23-b87c-2c66934cd82b'),(45,'Credito','2024-03-14 17:56:36.219000',24136.542437372755,'CREDITO','586220bf-5793-4b23-b87c-2c66934cd82b'),(46,'Debito','2024-03-14 17:56:36.227000',8043.582827483387,'DEBITO','586220bf-5793-4b23-b87c-2c66934cd82b'),(47,'Credito','2024-03-14 17:56:36.236000',20666.842759673924,'CREDITO','586220bf-5793-4b23-b87c-2c66934cd82b'),(48,'Debito','2024-03-14 17:56:36.244000',3250.1295868514962,'DEBITO','586220bf-5793-4b23-b87c-2c66934cd82b'),(49,'Credito','2024-03-14 17:56:36.253000',107804.77588561177,'CREDITO','586220bf-5793-4b23-b87c-2c66934cd82b'),(50,'Debito','2024-03-14 17:56:36.263000',8208.967043801067,'DEBITO','586220bf-5793-4b23-b87c-2c66934cd82b'),(51,'Credito','2024-03-14 17:56:36.272000',42884.35757464688,'CREDITO','586220bf-5793-4b23-b87c-2c66934cd82b'),(52,'Debito','2024-03-14 17:56:36.280000',6290.033207208328,'DEBITO','586220bf-5793-4b23-b87c-2c66934cd82b'),(53,'Credito','2024-03-14 17:56:36.288000',119809.02525580468,'CREDITO','586220bf-5793-4b23-b87c-2c66934cd82b'),(54,'Debito','2024-03-14 17:56:36.295000',4441.099579877004,'DEBITO','586220bf-5793-4b23-b87c-2c66934cd82b'),(55,'Credito','2024-03-14 17:56:36.300000',12294.38090810362,'CREDITO','586220bf-5793-4b23-b87c-2c66934cd82b'),(56,'Debito','2024-03-14 17:56:36.307000',3193.906001895504,'DEBITO','586220bf-5793-4b23-b87c-2c66934cd82b'),(57,'Credito','2024-03-14 17:56:36.316000',83164.81645835045,'CREDITO','586220bf-5793-4b23-b87c-2c66934cd82b'),(58,'Debito','2024-03-14 17:56:36.326000',7536.854301207304,'DEBITO','586220bf-5793-4b23-b87c-2c66934cd82b'),(59,'Credito','2024-03-14 17:56:36.332000',100015.6497435916,'CREDITO','586220bf-5793-4b23-b87c-2c66934cd82b'),(60,'Debito','2024-03-14 17:56:36.337000',8937.929460177162,'DEBITO','586220bf-5793-4b23-b87c-2c66934cd82b'),(61,'Credito','2024-03-14 17:56:36.342000',123468.38177962256,'CREDITO','7849eb05-38c4-48bd-94ba-4a1a9194abaf'),(62,'Debito','2024-03-14 17:56:36.348000',5759.033145856836,'DEBITO','7849eb05-38c4-48bd-94ba-4a1a9194abaf'),(63,'Credito','2024-03-14 17:56:36.353000',11576.206561390472,'CREDITO','7849eb05-38c4-48bd-94ba-4a1a9194abaf'),(64,'Debito','2024-03-14 17:56:36.360000',6548.589357526666,'DEBITO','7849eb05-38c4-48bd-94ba-4a1a9194abaf'),(65,'Credito','2024-03-14 17:56:36.366000',113422.26991658195,'CREDITO','7849eb05-38c4-48bd-94ba-4a1a9194abaf'),(66,'Debito','2024-03-14 17:56:36.372000',2577.82511970469,'DEBITO','7849eb05-38c4-48bd-94ba-4a1a9194abaf'),(67,'Credito','2024-03-14 17:56:36.377000',49211.428567600255,'CREDITO','7849eb05-38c4-48bd-94ba-4a1a9194abaf'),(68,'Debito','2024-03-14 17:56:36.383000',6107.898875518735,'DEBITO','7849eb05-38c4-48bd-94ba-4a1a9194abaf'),(69,'Credito','2024-03-14 17:56:36.388000',67679.65192693332,'CREDITO','7849eb05-38c4-48bd-94ba-4a1a9194abaf'),(70,'Debito','2024-03-14 17:56:36.396000',3366.0143910784955,'DEBITO','7849eb05-38c4-48bd-94ba-4a1a9194abaf'),(71,'Credito','2024-03-14 17:56:36.401000',90800.95730108106,'CREDITO','7849eb05-38c4-48bd-94ba-4a1a9194abaf'),(72,'Debito','2024-03-14 17:56:36.408000',4960.440181027016,'DEBITO','7849eb05-38c4-48bd-94ba-4a1a9194abaf'),(73,'Credito','2024-03-14 17:56:36.415000',28802.029696397643,'CREDITO','7849eb05-38c4-48bd-94ba-4a1a9194abaf'),(74,'Debito','2024-03-14 17:56:36.421000',6384.153663597166,'DEBITO','7849eb05-38c4-48bd-94ba-4a1a9194abaf'),(75,'Credito','2024-03-14 17:56:36.428000',45516.559765655285,'CREDITO','7849eb05-38c4-48bd-94ba-4a1a9194abaf'),(76,'Debito','2024-03-14 17:56:36.436000',4517.51027986093,'DEBITO','7849eb05-38c4-48bd-94ba-4a1a9194abaf'),(77,'Credito','2024-03-14 17:56:36.446000',77117.22503793983,'CREDITO','7849eb05-38c4-48bd-94ba-4a1a9194abaf'),(78,'Debito','2024-03-14 17:56:36.454000',8330.390573582139,'DEBITO','7849eb05-38c4-48bd-94ba-4a1a9194abaf'),(79,'Credito','2024-03-14 17:56:36.465000',40120.130369951876,'CREDITO','7849eb05-38c4-48bd-94ba-4a1a9194abaf'),(80,'Debito','2024-03-14 17:56:36.475000',1757.7712070453308,'DEBITO','7849eb05-38c4-48bd-94ba-4a1a9194abaf'),(81,'Credito','2024-03-14 17:56:36.491000',23006.64479220361,'CREDITO','934cdc29-af30-4c9f-a79b-275b4d1361dd'),(82,'Debito','2024-03-14 17:56:36.499000',3449.359095573911,'DEBITO','934cdc29-af30-4c9f-a79b-275b4d1361dd'),(83,'Credito','2024-03-14 17:56:36.510000',97468.2338886146,'CREDITO','934cdc29-af30-4c9f-a79b-275b4d1361dd'),(84,'Debito','2024-03-14 17:56:36.521000',5509.152824244689,'DEBITO','934cdc29-af30-4c9f-a79b-275b4d1361dd'),(85,'Credito','2024-03-14 17:56:36.527000',59643.135997890924,'CREDITO','934cdc29-af30-4c9f-a79b-275b4d1361dd'),(86,'Debito','2024-03-14 17:56:36.537000',9695.534234035063,'DEBITO','934cdc29-af30-4c9f-a79b-275b4d1361dd'),(87,'Credito','2024-03-14 17:56:36.550000',70146.75762352292,'CREDITO','934cdc29-af30-4c9f-a79b-275b4d1361dd'),(88,'Debito','2024-03-14 17:56:36.562000',7863.3534165094,'DEBITO','934cdc29-af30-4c9f-a79b-275b4d1361dd'),(89,'Credito','2024-03-14 17:56:36.570000',127442.8093698491,'CREDITO','934cdc29-af30-4c9f-a79b-275b4d1361dd'),(90,'Debito','2024-03-14 17:56:36.586000',7728.661226074162,'DEBITO','934cdc29-af30-4c9f-a79b-275b4d1361dd'),(91,'Credito','2024-03-14 17:56:36.597000',127276.46104403837,'CREDITO','934cdc29-af30-4c9f-a79b-275b4d1361dd'),(92,'Debito','2024-03-14 17:56:36.609000',9622.142192510322,'DEBITO','934cdc29-af30-4c9f-a79b-275b4d1361dd'),(93,'Credito','2024-03-14 17:56:36.619000',48486.44990277746,'CREDITO','934cdc29-af30-4c9f-a79b-275b4d1361dd'),(94,'Debito','2024-03-14 17:56:36.627000',3582.359833963906,'DEBITO','934cdc29-af30-4c9f-a79b-275b4d1361dd'),(95,'Credito','2024-03-14 17:56:36.636000',41397.368980174455,'CREDITO','934cdc29-af30-4c9f-a79b-275b4d1361dd'),(96,'Debito','2024-03-14 17:56:36.645000',7503.761872638381,'DEBITO','934cdc29-af30-4c9f-a79b-275b4d1361dd'),(97,'Credito','2024-03-14 17:56:36.665000',109908.33225673491,'CREDITO','934cdc29-af30-4c9f-a79b-275b4d1361dd'),(98,'Debito','2024-03-14 17:56:36.671000',8691.722860473332,'DEBITO','934cdc29-af30-4c9f-a79b-275b4d1361dd'),(99,'Credito','2024-03-14 17:56:36.677000',44957.16973732759,'CREDITO','934cdc29-af30-4c9f-a79b-275b4d1361dd'),(100,'Debito','2024-03-14 17:56:36.683000',1948.0905819560305,'DEBITO','934cdc29-af30-4c9f-a79b-275b4d1361dd'),(101,'Credito','2024-03-14 17:56:36.689000',29742.444287252398,'CREDITO','c9e2eac6-a32f-4096-9f8d-7879b87ea0d7'),(102,'Debito','2024-03-14 17:56:36.696000',2591.7063517702427,'DEBITO','c9e2eac6-a32f-4096-9f8d-7879b87ea0d7'),(103,'Credito','2024-03-14 17:56:36.702000',82295.93964302418,'CREDITO','c9e2eac6-a32f-4096-9f8d-7879b87ea0d7'),(104,'Debito','2024-03-14 17:56:36.710000',1750.810553303085,'DEBITO','c9e2eac6-a32f-4096-9f8d-7879b87ea0d7'),(105,'Credito','2024-03-14 17:56:36.722000',86958.25174248312,'CREDITO','c9e2eac6-a32f-4096-9f8d-7879b87ea0d7'),(106,'Debito','2024-03-14 17:56:36.733000',4005.337540034516,'DEBITO','c9e2eac6-a32f-4096-9f8d-7879b87ea0d7'),(107,'Credito','2024-03-14 17:56:36.743000',73136.70993200065,'CREDITO','c9e2eac6-a32f-4096-9f8d-7879b87ea0d7'),(108,'Debito','2024-03-14 17:56:36.752000',9429.6984565148,'DEBITO','c9e2eac6-a32f-4096-9f8d-7879b87ea0d7'),(109,'Credito','2024-03-14 17:56:36.761000',39410.403881509796,'CREDITO','c9e2eac6-a32f-4096-9f8d-7879b87ea0d7'),(110,'Debito','2024-03-14 17:56:36.767000',9229.24193408367,'DEBITO','c9e2eac6-a32f-4096-9f8d-7879b87ea0d7'),(111,'Credito','2024-03-14 17:56:36.774000',87458.61516142078,'CREDITO','c9e2eac6-a32f-4096-9f8d-7879b87ea0d7'),(112,'Debito','2024-03-14 17:56:36.786000',6180.237884781533,'DEBITO','c9e2eac6-a32f-4096-9f8d-7879b87ea0d7'),(113,'Credito','2024-03-14 17:56:36.806000',129168.93859658031,'CREDITO','c9e2eac6-a32f-4096-9f8d-7879b87ea0d7'),(114,'Debito','2024-03-14 17:56:36.815000',4693.715371126897,'DEBITO','c9e2eac6-a32f-4096-9f8d-7879b87ea0d7'),(115,'Credito','2024-03-14 17:56:36.823000',29246.480412698274,'CREDITO','c9e2eac6-a32f-4096-9f8d-7879b87ea0d7'),(116,'Debito','2024-03-14 17:56:36.833000',8513.121278247225,'DEBITO','c9e2eac6-a32f-4096-9f8d-7879b87ea0d7'),(117,'Credito','2024-03-14 17:56:36.845000',24188.693107187013,'CREDITO','c9e2eac6-a32f-4096-9f8d-7879b87ea0d7'),(118,'Debito','2024-03-14 17:56:36.854000',2325.547940528205,'DEBITO','c9e2eac6-a32f-4096-9f8d-7879b87ea0d7'),(119,'Credito','2024-03-14 17:56:36.860000',57977.949838346176,'CREDITO','c9e2eac6-a32f-4096-9f8d-7879b87ea0d7'),(120,'Debito','2024-03-14 17:56:36.874000',7182.795730084564,'DEBITO','c9e2eac6-a32f-4096-9f8d-7879b87ea0d7'),(121,'Credito','2024-03-14 17:56:36.918000',114987.03265528222,'CREDITO','586220bf-5793-4b23-b87c-2c66934cd82b'),(122,'Debito','2024-03-14 17:56:36.938000',1886.9838287083057,'DEBITO','586220bf-5793-4b23-b87c-2c66934cd82b'),(123,'Credito','2024-03-14 17:56:36.951000',47520.9452503605,'CREDITO','586220bf-5793-4b23-b87c-2c66934cd82b'),(124,'Debito','2024-03-14 17:56:36.962000',5518.446442859741,'DEBITO','586220bf-5793-4b23-b87c-2c66934cd82b'),(125,'Credito','2024-03-14 17:56:36.972000',72320.46925000114,'CREDITO','586220bf-5793-4b23-b87c-2c66934cd82b'),(126,'Debito','2024-03-14 17:56:36.982000',2906.904448668599,'DEBITO','586220bf-5793-4b23-b87c-2c66934cd82b'),(127,'Credito','2024-03-14 17:56:37.003000',126172.00334923744,'CREDITO','586220bf-5793-4b23-b87c-2c66934cd82b'),(128,'Debito','2024-03-14 17:56:37.015000',8282.871803934133,'DEBITO','586220bf-5793-4b23-b87c-2c66934cd82b'),(129,'Credito','2024-03-14 17:56:37.032000',68864.80933227418,'CREDITO','586220bf-5793-4b23-b87c-2c66934cd82b'),(130,'Debito','2024-03-14 17:56:37.042000',9824.224045776531,'DEBITO','586220bf-5793-4b23-b87c-2c66934cd82b'),(131,'Credito','2024-03-14 17:56:37.055000',86104.0557062648,'CREDITO','586220bf-5793-4b23-b87c-2c66934cd82b'),(132,'Debito','2024-03-14 17:56:37.064000',5814.030620098919,'DEBITO','586220bf-5793-4b23-b87c-2c66934cd82b'),(133,'Credito','2024-03-14 17:56:37.077000',54791.37768946295,'CREDITO','586220bf-5793-4b23-b87c-2c66934cd82b'),(134,'Debito','2024-03-14 17:56:37.089000',7096.809730704712,'DEBITO','586220bf-5793-4b23-b87c-2c66934cd82b'),(135,'Credito','2024-03-14 17:56:37.099000',70133.32814936302,'CREDITO','586220bf-5793-4b23-b87c-2c66934cd82b'),(136,'Debito','2024-03-14 17:56:37.110000',4480.960462408778,'DEBITO','586220bf-5793-4b23-b87c-2c66934cd82b'),(137,'Credito','2024-03-14 17:56:37.121000',104869.90543240275,'CREDITO','586220bf-5793-4b23-b87c-2c66934cd82b'),(138,'Debito','2024-03-14 17:56:37.132000',9732.479914160147,'DEBITO','586220bf-5793-4b23-b87c-2c66934cd82b'),(139,'Credito','2024-03-14 17:56:37.140000',63375.45441158051,'CREDITO','586220bf-5793-4b23-b87c-2c66934cd82b'),(140,'Debito','2024-03-14 17:56:37.149000',9282.459072624983,'DEBITO','586220bf-5793-4b23-b87c-2c66934cd82b'),(141,'Credito','2024-03-14 17:56:37.162000',96652.60401971216,'CREDITO','7849eb05-38c4-48bd-94ba-4a1a9194abaf'),(142,'Debito','2024-03-14 17:56:37.171000',2018.3270647538793,'DEBITO','7849eb05-38c4-48bd-94ba-4a1a9194abaf'),(143,'Credito','2024-03-14 17:56:37.181000',104370.8754889368,'CREDITO','7849eb05-38c4-48bd-94ba-4a1a9194abaf'),(144,'Debito','2024-03-14 17:56:37.201000',5227.0211792691725,'DEBITO','7849eb05-38c4-48bd-94ba-4a1a9194abaf'),(145,'Credito','2024-03-14 17:56:37.220000',80025.23690811191,'CREDITO','7849eb05-38c4-48bd-94ba-4a1a9194abaf'),(146,'Debito','2024-03-14 17:56:37.242000',3228.520511089665,'DEBITO','7849eb05-38c4-48bd-94ba-4a1a9194abaf'),(147,'Credito','2024-03-14 17:56:37.261000',104810.54329654432,'CREDITO','7849eb05-38c4-48bd-94ba-4a1a9194abaf'),(148,'Debito','2024-03-14 17:56:37.271000',7692.365624154753,'DEBITO','7849eb05-38c4-48bd-94ba-4a1a9194abaf'),(149,'Credito','2024-03-14 17:56:37.278000',121605.41217107461,'CREDITO','7849eb05-38c4-48bd-94ba-4a1a9194abaf'),(150,'Debito','2024-03-14 17:56:37.284000',9420.479950582338,'DEBITO','7849eb05-38c4-48bd-94ba-4a1a9194abaf'),(151,'Credito','2024-03-14 17:56:37.290000',76088.19173325479,'CREDITO','7849eb05-38c4-48bd-94ba-4a1a9194abaf'),(152,'Debito','2024-03-14 17:56:37.296000',4249.9385034888855,'DEBITO','7849eb05-38c4-48bd-94ba-4a1a9194abaf'),(153,'Credito','2024-03-14 17:56:37.303000',97898.00866911796,'CREDITO','7849eb05-38c4-48bd-94ba-4a1a9194abaf'),(154,'Debito','2024-03-14 17:56:37.309000',7063.104450197679,'DEBITO','7849eb05-38c4-48bd-94ba-4a1a9194abaf'),(155,'Credito','2024-03-14 17:56:37.316000',28210.21749976736,'CREDITO','7849eb05-38c4-48bd-94ba-4a1a9194abaf'),(156,'Debito','2024-03-14 17:56:37.322000',9964.18567758928,'DEBITO','7849eb05-38c4-48bd-94ba-4a1a9194abaf'),(157,'Credito','2024-03-14 17:56:37.331000',105297.33564026786,'CREDITO','7849eb05-38c4-48bd-94ba-4a1a9194abaf'),(158,'Debito','2024-03-14 17:56:37.338000',5905.779296529421,'DEBITO','7849eb05-38c4-48bd-94ba-4a1a9194abaf'),(159,'Credito','2024-03-14 17:56:37.347000',37648.84992511157,'CREDITO','7849eb05-38c4-48bd-94ba-4a1a9194abaf'),(160,'Debito','2024-03-14 17:56:37.353000',5232.057542940751,'DEBITO','7849eb05-38c4-48bd-94ba-4a1a9194abaf'),(161,'Credito','2024-03-14 17:56:37.359000',12955.305544236166,'CREDITO','89b08c41-b504-49db-877e-8af0c8f9b23f'),(162,'Debito','2024-03-14 17:56:37.364000',4193.169304703073,'DEBITO','89b08c41-b504-49db-877e-8af0c8f9b23f'),(163,'Credito','2024-03-14 17:56:37.369000',55528.98570142366,'CREDITO','89b08c41-b504-49db-877e-8af0c8f9b23f'),(164,'Debito','2024-03-14 17:56:37.375000',1815.1166521772793,'DEBITO','89b08c41-b504-49db-877e-8af0c8f9b23f'),(165,'Credito','2024-03-14 17:56:37.381000',126214.61734216433,'CREDITO','89b08c41-b504-49db-877e-8af0c8f9b23f'),(166,'Debito','2024-03-14 17:56:37.386000',6058.352185804377,'DEBITO','89b08c41-b504-49db-877e-8af0c8f9b23f'),(167,'Credito','2024-03-14 17:56:37.392000',26093.77610348683,'CREDITO','89b08c41-b504-49db-877e-8af0c8f9b23f'),(168,'Debito','2024-03-14 17:56:37.397000',7834.7904949327385,'DEBITO','89b08c41-b504-49db-877e-8af0c8f9b23f'),(169,'Credito','2024-03-14 17:56:37.402000',33735.58232004246,'CREDITO','89b08c41-b504-49db-877e-8af0c8f9b23f'),(170,'Debito','2024-03-14 17:56:37.409000',1685.626502095738,'DEBITO','89b08c41-b504-49db-877e-8af0c8f9b23f'),(171,'Credito','2024-03-14 17:56:37.415000',87698.6897824977,'CREDITO','89b08c41-b504-49db-877e-8af0c8f9b23f'),(172,'Debito','2024-03-14 17:56:37.421000',9150.719352163353,'DEBITO','89b08c41-b504-49db-877e-8af0c8f9b23f'),(173,'Credito','2024-03-14 17:56:37.426000',120624.95767019807,'CREDITO','89b08c41-b504-49db-877e-8af0c8f9b23f'),(174,'Debito','2024-03-14 17:56:37.431000',5624.377660604676,'DEBITO','89b08c41-b504-49db-877e-8af0c8f9b23f'),(175,'Credito','2024-03-14 17:56:37.436000',74638.54457339563,'CREDITO','89b08c41-b504-49db-877e-8af0c8f9b23f'),(176,'Debito','2024-03-14 17:56:37.442000',1722.816480166995,'DEBITO','89b08c41-b504-49db-877e-8af0c8f9b23f'),(177,'Credito','2024-03-14 17:56:37.448000',62804.83949227222,'CREDITO','89b08c41-b504-49db-877e-8af0c8f9b23f'),(178,'Debito','2024-03-14 17:56:37.453000',8456.664891928467,'DEBITO','89b08c41-b504-49db-877e-8af0c8f9b23f'),(179,'Credito','2024-03-14 17:56:37.461000',107916.58150048727,'CREDITO','89b08c41-b504-49db-877e-8af0c8f9b23f'),(180,'Debito','2024-03-14 17:56:37.467000',2269.570752401404,'DEBITO','89b08c41-b504-49db-877e-8af0c8f9b23f'),(181,'Credito','2024-03-14 17:56:37.475000',114539.29593402658,'CREDITO','934cdc29-af30-4c9f-a79b-275b4d1361dd'),(182,'Debito','2024-03-14 17:56:37.482000',3873.7372351262807,'DEBITO','934cdc29-af30-4c9f-a79b-275b4d1361dd'),(183,'Credito','2024-03-14 17:56:37.489000',36619.436697672536,'CREDITO','934cdc29-af30-4c9f-a79b-275b4d1361dd'),(184,'Debito','2024-03-14 17:56:37.496000',3778.2867246364535,'DEBITO','934cdc29-af30-4c9f-a79b-275b4d1361dd'),(185,'Credito','2024-03-14 17:56:37.501000',121466.21101615496,'CREDITO','934cdc29-af30-4c9f-a79b-275b4d1361dd'),(186,'Debito','2024-03-14 17:56:37.506000',9100.47346381451,'DEBITO','934cdc29-af30-4c9f-a79b-275b4d1361dd'),(187,'Credito','2024-03-14 17:56:37.511000',108866.51074271402,'CREDITO','934cdc29-af30-4c9f-a79b-275b4d1361dd'),(188,'Debito','2024-03-14 17:56:37.516000',1197.3706733142774,'DEBITO','934cdc29-af30-4c9f-a79b-275b4d1361dd'),(189,'Credito','2024-03-14 17:56:37.522000',55661.38476474217,'CREDITO','934cdc29-af30-4c9f-a79b-275b4d1361dd'),(190,'Debito','2024-03-14 17:56:37.540000',2521.782651756428,'DEBITO','934cdc29-af30-4c9f-a79b-275b4d1361dd'),(191,'Credito','2024-03-14 17:56:37.548000',32356.929482461852,'CREDITO','934cdc29-af30-4c9f-a79b-275b4d1361dd'),(192,'Debito','2024-03-14 17:56:37.555000',4946.4359022232275,'DEBITO','934cdc29-af30-4c9f-a79b-275b4d1361dd'),(193,'Credito','2024-03-14 17:56:37.562000',37191.717611008826,'CREDITO','934cdc29-af30-4c9f-a79b-275b4d1361dd'),(194,'Debito','2024-03-14 17:56:37.568000',3311.2833997522703,'DEBITO','934cdc29-af30-4c9f-a79b-275b4d1361dd'),(195,'Credito','2024-03-14 17:56:37.573000',129341.96248403523,'CREDITO','934cdc29-af30-4c9f-a79b-275b4d1361dd'),(196,'Debito','2024-03-14 17:56:37.580000',6716.911556630793,'DEBITO','934cdc29-af30-4c9f-a79b-275b4d1361dd'),(197,'Credito','2024-03-14 17:56:37.585000',78293.92110124057,'CREDITO','934cdc29-af30-4c9f-a79b-275b4d1361dd'),(198,'Debito','2024-03-14 17:56:37.589000',6840.131877225452,'DEBITO','934cdc29-af30-4c9f-a79b-275b4d1361dd'),(199,'Credito','2024-03-14 17:56:37.594000',79405.47558240948,'CREDITO','934cdc29-af30-4c9f-a79b-275b4d1361dd'),(200,'Debito','2024-03-14 17:56:37.598000',1404.0105425743743,'DEBITO','934cdc29-af30-4c9f-a79b-275b4d1361dd'),(201,'Credito','2024-03-14 17:56:37.603000',81744.94140959295,'CREDITO','a84530d0-a63d-4466-a605-05c38167cbdc'),(202,'Debito','2024-03-14 17:56:37.608000',2652.6420165876816,'DEBITO','a84530d0-a63d-4466-a605-05c38167cbdc'),(203,'Credito','2024-03-14 17:56:37.613000',55739.6996923185,'CREDITO','a84530d0-a63d-4466-a605-05c38167cbdc'),(204,'Debito','2024-03-14 17:56:37.617000',4910.315490661807,'DEBITO','a84530d0-a63d-4466-a605-05c38167cbdc'),(205,'Credito','2024-03-14 17:56:37.622000',24169.942386069597,'CREDITO','a84530d0-a63d-4466-a605-05c38167cbdc'),(206,'Debito','2024-03-14 17:56:37.627000',2835.396322394752,'DEBITO','a84530d0-a63d-4466-a605-05c38167cbdc'),(207,'Credito','2024-03-14 17:56:37.632000',16658.207916750736,'CREDITO','a84530d0-a63d-4466-a605-05c38167cbdc'),(208,'Debito','2024-03-14 17:56:37.636000',7991.917261620759,'DEBITO','a84530d0-a63d-4466-a605-05c38167cbdc'),(209,'Credito','2024-03-14 17:56:37.641000',77963.36388463627,'CREDITO','a84530d0-a63d-4466-a605-05c38167cbdc'),(210,'Debito','2024-03-14 17:56:37.645000',4677.820190895396,'DEBITO','a84530d0-a63d-4466-a605-05c38167cbdc'),(211,'Credito','2024-03-14 17:56:37.649000',73892.76987207498,'CREDITO','a84530d0-a63d-4466-a605-05c38167cbdc'),(212,'Debito','2024-03-14 17:56:37.654000',7279.9453496135975,'DEBITO','a84530d0-a63d-4466-a605-05c38167cbdc'),(213,'Credito','2024-03-14 17:56:37.658000',72178.29897005833,'CREDITO','a84530d0-a63d-4466-a605-05c38167cbdc'),(214,'Debito','2024-03-14 17:56:37.662000',3624.7453874260113,'DEBITO','a84530d0-a63d-4466-a605-05c38167cbdc'),(215,'Credito','2024-03-14 17:56:37.669000',22775.402806129783,'CREDITO','a84530d0-a63d-4466-a605-05c38167cbdc'),(216,'Debito','2024-03-14 17:56:37.675000',8103.498701829481,'DEBITO','a84530d0-a63d-4466-a605-05c38167cbdc'),(217,'Credito','2024-03-14 17:56:37.680000',43169.12194897054,'CREDITO','a84530d0-a63d-4466-a605-05c38167cbdc'),(218,'Debito','2024-03-14 17:56:37.686000',2655.2625363833376,'DEBITO','a84530d0-a63d-4466-a605-05c38167cbdc'),(219,'Credito','2024-03-14 17:56:37.692000',46711.60119717438,'CREDITO','a84530d0-a63d-4466-a605-05c38167cbdc'),(220,'Debito','2024-03-14 17:56:37.701000',9764.398017848041,'DEBITO','a84530d0-a63d-4466-a605-05c38167cbdc'),(221,'Credito','2024-03-14 17:56:37.706000',39951.897943004566,'CREDITO','c9e2eac6-a32f-4096-9f8d-7879b87ea0d7'),(222,'Debito','2024-03-14 17:56:37.710000',8387.217954476058,'DEBITO','c9e2eac6-a32f-4096-9f8d-7879b87ea0d7'),(223,'Credito','2024-03-14 17:56:37.715000',19405.439427496734,'CREDITO','c9e2eac6-a32f-4096-9f8d-7879b87ea0d7'),(224,'Debito','2024-03-14 17:56:37.720000',3469.8440299243407,'DEBITO','c9e2eac6-a32f-4096-9f8d-7879b87ea0d7'),(225,'Credito','2024-03-14 17:56:37.729000',67176.9500897069,'CREDITO','c9e2eac6-a32f-4096-9f8d-7879b87ea0d7'),(226,'Debito','2024-03-14 17:56:37.742000',1402.9840048137398,'DEBITO','c9e2eac6-a32f-4096-9f8d-7879b87ea0d7'),(227,'Credito','2024-03-14 17:56:37.753000',83101.97185105833,'CREDITO','c9e2eac6-a32f-4096-9f8d-7879b87ea0d7'),(228,'Debito','2024-03-14 17:56:37.763000',8215.982473219137,'DEBITO','c9e2eac6-a32f-4096-9f8d-7879b87ea0d7'),(229,'Credito','2024-03-14 17:56:37.771000',110287.49094472507,'CREDITO','c9e2eac6-a32f-4096-9f8d-7879b87ea0d7'),(230,'Debito','2024-03-14 17:56:37.778000',7519.6824369623955,'DEBITO','c9e2eac6-a32f-4096-9f8d-7879b87ea0d7'),(231,'Credito','2024-03-14 17:56:37.784000',119666.93661100413,'CREDITO','c9e2eac6-a32f-4096-9f8d-7879b87ea0d7'),(232,'Debito','2024-03-14 17:56:37.790000',5533.537788796033,'DEBITO','c9e2eac6-a32f-4096-9f8d-7879b87ea0d7'),(233,'Credito','2024-03-14 17:56:37.796000',32868.007106494624,'CREDITO','c9e2eac6-a32f-4096-9f8d-7879b87ea0d7'),(234,'Debito','2024-03-14 17:56:37.806000',2985.8217111585836,'DEBITO','c9e2eac6-a32f-4096-9f8d-7879b87ea0d7'),(235,'Credito','2024-03-14 17:56:37.814000',33628.57226688707,'CREDITO','c9e2eac6-a32f-4096-9f8d-7879b87ea0d7'),(236,'Debito','2024-03-14 17:56:37.825000',3156.0922426655516,'DEBITO','c9e2eac6-a32f-4096-9f8d-7879b87ea0d7'),(237,'Credito','2024-03-14 17:56:37.831000',125365.76107641445,'CREDITO','c9e2eac6-a32f-4096-9f8d-7879b87ea0d7'),(238,'Debito','2024-03-14 17:56:37.837000',7876.354940488542,'DEBITO','c9e2eac6-a32f-4096-9f8d-7879b87ea0d7'),(239,'Credito','2024-03-14 17:56:37.847000',112360.93620449056,'CREDITO','c9e2eac6-a32f-4096-9f8d-7879b87ea0d7'),(240,'Debito','2024-03-14 17:56:37.855000',1352.256030048573,'DEBITO','c9e2eac6-a32f-4096-9f8d-7879b87ea0d7'),(241,'Credito','2024-03-14 17:56:37.886000',120392.61855453486,'CREDITO','37a744c6-f92c-4488-9254-86a9e49cf8ad'),(242,'Debito','2024-03-14 17:56:37.890000',9129.469651513875,'DEBITO','37a744c6-f92c-4488-9254-86a9e49cf8ad'),(243,'Credito','2024-03-14 17:56:37.894000',128331.69086239686,'CREDITO','37a744c6-f92c-4488-9254-86a9e49cf8ad'),(244,'Debito','2024-03-14 17:56:37.899000',1880.5341653947453,'DEBITO','37a744c6-f92c-4488-9254-86a9e49cf8ad'),(245,'Credito','2024-03-14 17:56:37.903000',119610.42182899105,'CREDITO','37a744c6-f92c-4488-9254-86a9e49cf8ad'),(246,'Debito','2024-03-14 17:56:37.907000',6428.632095952195,'DEBITO','37a744c6-f92c-4488-9254-86a9e49cf8ad'),(247,'Credito','2024-03-14 17:56:37.911000',12981.541368208062,'CREDITO','37a744c6-f92c-4488-9254-86a9e49cf8ad'),(248,'Debito','2024-03-14 17:56:37.915000',3348.3327778852895,'DEBITO','37a744c6-f92c-4488-9254-86a9e49cf8ad'),(249,'Credito','2024-03-14 17:56:37.920000',125400.53621749746,'CREDITO','37a744c6-f92c-4488-9254-86a9e49cf8ad'),(250,'Debito','2024-03-14 17:56:37.924000',9444.582390472617,'DEBITO','37a744c6-f92c-4488-9254-86a9e49cf8ad'),(251,'Credito','2024-03-14 17:56:37.930000',25888.237783948818,'CREDITO','37a744c6-f92c-4488-9254-86a9e49cf8ad'),(252,'Debito','2024-03-14 17:56:37.936000',3929.8976596218145,'DEBITO','37a744c6-f92c-4488-9254-86a9e49cf8ad'),(253,'Credito','2024-03-14 17:56:37.940000',120255.85790528798,'CREDITO','37a744c6-f92c-4488-9254-86a9e49cf8ad'),(254,'Debito','2024-03-14 17:56:37.945000',7584.65376510592,'DEBITO','37a744c6-f92c-4488-9254-86a9e49cf8ad'),(255,'Credito','2024-03-14 17:56:37.951000',96302.39586784637,'CREDITO','37a744c6-f92c-4488-9254-86a9e49cf8ad'),(256,'Debito','2024-03-14 17:56:37.957000',8171.506060965028,'DEBITO','37a744c6-f92c-4488-9254-86a9e49cf8ad'),(257,'Credito','2024-03-14 17:56:37.963000',67180.64332278247,'CREDITO','37a744c6-f92c-4488-9254-86a9e49cf8ad'),(258,'Debito','2024-03-14 17:56:37.970000',2143.2412777633335,'DEBITO','37a744c6-f92c-4488-9254-86a9e49cf8ad'),(259,'Credito','2024-03-14 17:56:37.975000',109229.58693744356,'CREDITO','37a744c6-f92c-4488-9254-86a9e49cf8ad'),(260,'Debito','2024-03-14 17:56:37.980000',3664.560758895941,'DEBITO','37a744c6-f92c-4488-9254-86a9e49cf8ad'),(261,'Credito','2024-03-14 17:56:37.983000',116054.82767421393,'CREDITO','586220bf-5793-4b23-b87c-2c66934cd82b'),(262,'Debito','2024-03-14 17:56:37.988000',3554.0520561585927,'DEBITO','586220bf-5793-4b23-b87c-2c66934cd82b'),(263,'Credito','2024-03-14 17:56:37.993000',91247.07871550707,'CREDITO','586220bf-5793-4b23-b87c-2c66934cd82b'),(264,'Debito','2024-03-14 17:56:37.997000',9350.145456768178,'DEBITO','586220bf-5793-4b23-b87c-2c66934cd82b'),(265,'Credito','2024-03-14 17:56:38.002000',87978.7688154472,'CREDITO','586220bf-5793-4b23-b87c-2c66934cd82b'),(266,'Debito','2024-03-14 17:56:38.005000',2987.0239173834725,'DEBITO','586220bf-5793-4b23-b87c-2c66934cd82b'),(267,'Credito','2024-03-14 17:56:38.009000',56802.82960721289,'CREDITO','586220bf-5793-4b23-b87c-2c66934cd82b'),(268,'Debito','2024-03-14 17:56:38.012000',5721.726822841585,'DEBITO','586220bf-5793-4b23-b87c-2c66934cd82b'),(269,'Credito','2024-03-14 17:56:38.017000',127162.69077899831,'CREDITO','586220bf-5793-4b23-b87c-2c66934cd82b'),(270,'Debito','2024-03-14 17:56:38.021000',8936.179076869375,'DEBITO','586220bf-5793-4b23-b87c-2c66934cd82b'),(271,'Credito','2024-03-14 17:56:38.025000',39150.860719471515,'CREDITO','586220bf-5793-4b23-b87c-2c66934cd82b'),(272,'Debito','2024-03-14 17:56:38.028000',4217.297860389356,'DEBITO','586220bf-5793-4b23-b87c-2c66934cd82b'),(273,'Credito','2024-03-14 17:56:38.032000',97542.17505247751,'CREDITO','586220bf-5793-4b23-b87c-2c66934cd82b'),(274,'Debito','2024-03-14 17:56:38.035000',6930.039064988239,'DEBITO','586220bf-5793-4b23-b87c-2c66934cd82b'),(275,'Credito','2024-03-14 17:56:38.039000',89569.18309404817,'CREDITO','586220bf-5793-4b23-b87c-2c66934cd82b'),(276,'Debito','2024-03-14 17:56:38.044000',5093.224485976092,'DEBITO','586220bf-5793-4b23-b87c-2c66934cd82b'),(277,'Credito','2024-03-14 17:56:38.048000',82668.3202877588,'CREDITO','586220bf-5793-4b23-b87c-2c66934cd82b'),(278,'Debito','2024-03-14 17:56:38.053000',8262.82167839956,'DEBITO','586220bf-5793-4b23-b87c-2c66934cd82b'),(279,'Credito','2024-03-14 17:56:38.066000',41748.77481687656,'CREDITO','586220bf-5793-4b23-b87c-2c66934cd82b'),(280,'Debito','2024-03-14 17:56:38.071000',7854.293139199668,'DEBITO','586220bf-5793-4b23-b87c-2c66934cd82b'),(281,'Credito','2024-03-14 17:56:38.075000',102538.3084005298,'CREDITO','7849eb05-38c4-48bd-94ba-4a1a9194abaf'),(282,'Debito','2024-03-14 17:56:38.078000',4692.497626526787,'DEBITO','7849eb05-38c4-48bd-94ba-4a1a9194abaf'),(283,'Credito','2024-03-14 17:56:38.082000',85234.14386857564,'CREDITO','7849eb05-38c4-48bd-94ba-4a1a9194abaf'),(284,'Debito','2024-03-14 17:56:38.087000',9877.926819837345,'DEBITO','7849eb05-38c4-48bd-94ba-4a1a9194abaf'),(285,'Credito','2024-03-14 17:56:38.092000',89899.35417510153,'CREDITO','7849eb05-38c4-48bd-94ba-4a1a9194abaf'),(286,'Debito','2024-03-14 17:56:38.097000',8380.883374678135,'DEBITO','7849eb05-38c4-48bd-94ba-4a1a9194abaf'),(287,'Credito','2024-03-14 17:56:38.103000',32538.35894094571,'CREDITO','7849eb05-38c4-48bd-94ba-4a1a9194abaf'),(288,'Debito','2024-03-14 17:56:38.108000',2215.2653597010767,'DEBITO','7849eb05-38c4-48bd-94ba-4a1a9194abaf'),(289,'Credito','2024-03-14 17:56:38.113000',111176.19591537972,'CREDITO','7849eb05-38c4-48bd-94ba-4a1a9194abaf'),(290,'Debito','2024-03-14 17:56:38.117000',7961.297458487281,'DEBITO','7849eb05-38c4-48bd-94ba-4a1a9194abaf'),(291,'Credito','2024-03-14 17:56:38.122000',79047.47220562394,'CREDITO','7849eb05-38c4-48bd-94ba-4a1a9194abaf'),(292,'Debito','2024-03-14 17:56:38.126000',4677.787085728471,'DEBITO','7849eb05-38c4-48bd-94ba-4a1a9194abaf'),(293,'Credito','2024-03-14 17:56:38.130000',93539.42247297544,'CREDITO','7849eb05-38c4-48bd-94ba-4a1a9194abaf'),(294,'Debito','2024-03-14 17:56:38.134000',7510.911992974479,'DEBITO','7849eb05-38c4-48bd-94ba-4a1a9194abaf'),(295,'Credito','2024-03-14 17:56:38.138000',123071.56738871385,'CREDITO','7849eb05-38c4-48bd-94ba-4a1a9194abaf'),(296,'Debito','2024-03-14 17:56:38.143000',4225.366151776825,'DEBITO','7849eb05-38c4-48bd-94ba-4a1a9194abaf'),(297,'Credito','2024-03-14 17:56:38.159000',89749.2184684699,'CREDITO','7849eb05-38c4-48bd-94ba-4a1a9194abaf'),(298,'Debito','2024-03-14 17:56:38.175000',3377.7802382179084,'DEBITO','7849eb05-38c4-48bd-94ba-4a1a9194abaf'),(299,'Credito','2024-03-14 17:56:38.188000',55391.74637632708,'CREDITO','7849eb05-38c4-48bd-94ba-4a1a9194abaf'),(300,'Debito','2024-03-14 17:56:38.197000',9360.145834529234,'DEBITO','7849eb05-38c4-48bd-94ba-4a1a9194abaf'),(301,'Credito','2024-03-14 17:56:38.205000',16276.160251890626,'CREDITO','89b08c41-b504-49db-877e-8af0c8f9b23f'),(302,'Debito','2024-03-14 17:56:38.214000',9266.623495447651,'DEBITO','89b08c41-b504-49db-877e-8af0c8f9b23f'),(303,'Credito','2024-03-14 17:56:38.221000',43394.650680313214,'CREDITO','89b08c41-b504-49db-877e-8af0c8f9b23f'),(304,'Debito','2024-03-14 17:56:38.227000',3700.329073920054,'DEBITO','89b08c41-b504-49db-877e-8af0c8f9b23f'),(305,'Credito','2024-03-14 17:56:38.235000',117818.0358364663,'CREDITO','89b08c41-b504-49db-877e-8af0c8f9b23f'),(306,'Debito','2024-03-14 17:56:38.241000',9722.812939569112,'DEBITO','89b08c41-b504-49db-877e-8af0c8f9b23f'),(307,'Credito','2024-03-14 17:56:38.253000',84378.23386243664,'CREDITO','89b08c41-b504-49db-877e-8af0c8f9b23f'),(308,'Debito','2024-03-14 17:56:38.259000',3158.9653505454207,'DEBITO','89b08c41-b504-49db-877e-8af0c8f9b23f'),(309,'Credito','2024-03-14 17:56:38.265000',62698.71154042439,'CREDITO','89b08c41-b504-49db-877e-8af0c8f9b23f'),(310,'Debito','2024-03-14 17:56:38.271000',5170.581162148716,'DEBITO','89b08c41-b504-49db-877e-8af0c8f9b23f'),(311,'Credito','2024-03-14 17:56:38.278000',65854.72209351306,'CREDITO','89b08c41-b504-49db-877e-8af0c8f9b23f'),(312,'Debito','2024-03-14 17:56:38.284000',1185.0405237891691,'DEBITO','89b08c41-b504-49db-877e-8af0c8f9b23f'),(313,'Credito','2024-03-14 17:56:38.288000',78752.36640305581,'CREDITO','89b08c41-b504-49db-877e-8af0c8f9b23f'),(314,'Debito','2024-03-14 17:56:38.292000',9959.35359048384,'DEBITO','89b08c41-b504-49db-877e-8af0c8f9b23f'),(315,'Credito','2024-03-14 17:56:38.296000',87668.85790272157,'CREDITO','89b08c41-b504-49db-877e-8af0c8f9b23f'),(316,'Debito','2024-03-14 17:56:38.300000',8337.651090877278,'DEBITO','89b08c41-b504-49db-877e-8af0c8f9b23f'),(317,'Credito','2024-03-14 17:56:38.304000',58163.50841610429,'CREDITO','89b08c41-b504-49db-877e-8af0c8f9b23f'),(318,'Debito','2024-03-14 17:56:38.306000',4451.186543160633,'DEBITO','89b08c41-b504-49db-877e-8af0c8f9b23f'),(319,'Credito','2024-03-14 17:56:38.311000',71491.77957214207,'CREDITO','89b08c41-b504-49db-877e-8af0c8f9b23f'),(320,'Debito','2024-03-14 17:56:38.314000',9058.773040186978,'DEBITO','89b08c41-b504-49db-877e-8af0c8f9b23f'),(321,'Credito','2024-03-14 17:56:38.317000',52350.45152714498,'CREDITO','934cdc29-af30-4c9f-a79b-275b4d1361dd'),(322,'Debito','2024-03-14 17:56:38.319000',9042.656060603556,'DEBITO','934cdc29-af30-4c9f-a79b-275b4d1361dd'),(323,'Credito','2024-03-14 17:56:38.323000',107742.95945023694,'CREDITO','934cdc29-af30-4c9f-a79b-275b4d1361dd'),(324,'Debito','2024-03-14 17:56:38.327000',8886.110819915515,'DEBITO','934cdc29-af30-4c9f-a79b-275b4d1361dd'),(325,'Credito','2024-03-14 17:56:38.332000',84347.07060872743,'CREDITO','934cdc29-af30-4c9f-a79b-275b4d1361dd'),(326,'Debito','2024-03-14 17:56:38.337000',3156.136877652031,'DEBITO','934cdc29-af30-4c9f-a79b-275b4d1361dd'),(327,'Credito','2024-03-14 17:56:38.341000',48234.9306963852,'CREDITO','934cdc29-af30-4c9f-a79b-275b4d1361dd'),(328,'Debito','2024-03-14 17:56:38.345000',7504.736876088262,'DEBITO','934cdc29-af30-4c9f-a79b-275b4d1361dd'),(329,'Credito','2024-03-14 17:56:38.349000',86254.8634172779,'CREDITO','934cdc29-af30-4c9f-a79b-275b4d1361dd'),(330,'Debito','2024-03-14 17:56:38.357000',2658.2690628166492,'DEBITO','934cdc29-af30-4c9f-a79b-275b4d1361dd'),(331,'Credito','2024-03-14 17:56:38.362000',64827.655202081725,'CREDITO','934cdc29-af30-4c9f-a79b-275b4d1361dd'),(332,'Debito','2024-03-14 17:56:38.366000',2974.713035047478,'DEBITO','934cdc29-af30-4c9f-a79b-275b4d1361dd'),(333,'Credito','2024-03-14 17:56:38.372000',23204.533853282963,'CREDITO','934cdc29-af30-4c9f-a79b-275b4d1361dd'),(334,'Debito','2024-03-14 17:56:38.377000',2867.5058569159955,'DEBITO','934cdc29-af30-4c9f-a79b-275b4d1361dd'),(335,'Credito','2024-03-14 17:56:38.381000',60121.561697424135,'CREDITO','934cdc29-af30-4c9f-a79b-275b4d1361dd'),(336,'Debito','2024-03-14 17:56:38.384000',2191.6072310830077,'DEBITO','934cdc29-af30-4c9f-a79b-275b4d1361dd'),(337,'Credito','2024-03-14 17:56:38.388000',92883.46957910992,'CREDITO','934cdc29-af30-4c9f-a79b-275b4d1361dd'),(338,'Debito','2024-03-14 17:56:38.392000',4297.989011848496,'DEBITO','934cdc29-af30-4c9f-a79b-275b4d1361dd'),(339,'Credito','2024-03-14 17:56:38.395000',55710.52128472625,'CREDITO','934cdc29-af30-4c9f-a79b-275b4d1361dd'),(340,'Debito','2024-03-14 17:56:38.399000',4137.797461893986,'DEBITO','934cdc29-af30-4c9f-a79b-275b4d1361dd'),(341,'Credito','2024-03-14 17:56:38.403000',91052.72654131975,'CREDITO','a84530d0-a63d-4466-a605-05c38167cbdc'),(342,'Debito','2024-03-14 17:56:38.407000',2553.605312544857,'DEBITO','a84530d0-a63d-4466-a605-05c38167cbdc'),(343,'Credito','2024-03-14 17:56:38.410000',36758.19552220398,'CREDITO','a84530d0-a63d-4466-a605-05c38167cbdc'),(344,'Debito','2024-03-14 17:56:38.414000',8764.682821694276,'DEBITO','a84530d0-a63d-4466-a605-05c38167cbdc'),(345,'Credito','2024-03-14 17:56:38.417000',48594.283307259226,'CREDITO','a84530d0-a63d-4466-a605-05c38167cbdc'),(346,'Debito','2024-03-14 17:56:38.421000',1333.9182357824002,'DEBITO','a84530d0-a63d-4466-a605-05c38167cbdc'),(347,'Credito','2024-03-14 17:56:38.424000',118653.32726060697,'CREDITO','a84530d0-a63d-4466-a605-05c38167cbdc'),(348,'Debito','2024-03-14 17:56:38.428000',6409.395124790682,'DEBITO','a84530d0-a63d-4466-a605-05c38167cbdc'),(349,'Credito','2024-03-14 17:56:38.432000',34496.49486129933,'CREDITO','a84530d0-a63d-4466-a605-05c38167cbdc'),(350,'Debito','2024-03-14 17:56:38.437000',6342.782225768791,'DEBITO','a84530d0-a63d-4466-a605-05c38167cbdc'),(351,'Credito','2024-03-14 17:56:38.441000',122241.82552834883,'CREDITO','a84530d0-a63d-4466-a605-05c38167cbdc'),(352,'Debito','2024-03-14 17:56:38.446000',7494.332440330437,'DEBITO','a84530d0-a63d-4466-a605-05c38167cbdc'),(353,'Credito','2024-03-14 17:56:38.450000',101802.95159756533,'CREDITO','a84530d0-a63d-4466-a605-05c38167cbdc'),(354,'Debito','2024-03-14 17:56:38.455000',1000.7894576599083,'DEBITO','a84530d0-a63d-4466-a605-05c38167cbdc'),(355,'Credito','2024-03-14 17:56:38.460000',98625.61709429498,'CREDITO','a84530d0-a63d-4466-a605-05c38167cbdc'),(356,'Debito','2024-03-14 17:56:38.464000',2883.814861203138,'DEBITO','a84530d0-a63d-4466-a605-05c38167cbdc'),(357,'Credito','2024-03-14 17:56:38.469000',89917.02176899322,'CREDITO','a84530d0-a63d-4466-a605-05c38167cbdc'),(358,'Debito','2024-03-14 17:56:38.473000',2254.3073650599217,'DEBITO','a84530d0-a63d-4466-a605-05c38167cbdc'),(359,'Credito','2024-03-14 17:56:38.479000',72760.42421745519,'CREDITO','a84530d0-a63d-4466-a605-05c38167cbdc'),(360,'Debito','2024-03-14 17:56:38.484000',3679.384041391946,'DEBITO','a84530d0-a63d-4466-a605-05c38167cbdc'),(361,'Credito','2024-03-14 17:56:38.488000',106771.62157398247,'CREDITO','c9e2eac6-a32f-4096-9f8d-7879b87ea0d7'),(362,'Debito','2024-03-14 17:56:38.493000',5446.709719430424,'DEBITO','c9e2eac6-a32f-4096-9f8d-7879b87ea0d7'),(363,'Credito','2024-03-14 17:56:38.497000',37076.86442614476,'CREDITO','c9e2eac6-a32f-4096-9f8d-7879b87ea0d7'),(364,'Debito','2024-03-14 17:56:38.502000',5423.750768304448,'DEBITO','c9e2eac6-a32f-4096-9f8d-7879b87ea0d7'),(365,'Credito','2024-03-14 17:56:38.507000',118240.93564391958,'CREDITO','c9e2eac6-a32f-4096-9f8d-7879b87ea0d7'),(366,'Debito','2024-03-14 17:56:38.511000',4171.513904288042,'DEBITO','c9e2eac6-a32f-4096-9f8d-7879b87ea0d7'),(367,'Credito','2024-03-14 17:56:38.518000',62091.407328298745,'CREDITO','c9e2eac6-a32f-4096-9f8d-7879b87ea0d7'),(368,'Debito','2024-03-14 17:56:38.525000',7653.115352225277,'DEBITO','c9e2eac6-a32f-4096-9f8d-7879b87ea0d7'),(369,'Credito','2024-03-14 17:56:38.530000',49787.950217181984,'CREDITO','c9e2eac6-a32f-4096-9f8d-7879b87ea0d7'),(370,'Debito','2024-03-14 17:56:38.534000',9262.480709140274,'DEBITO','c9e2eac6-a32f-4096-9f8d-7879b87ea0d7'),(371,'Credito','2024-03-14 17:56:38.538000',100465.93352464343,'CREDITO','c9e2eac6-a32f-4096-9f8d-7879b87ea0d7'),(372,'Debito','2024-03-14 17:56:38.545000',6488.568322122443,'DEBITO','c9e2eac6-a32f-4096-9f8d-7879b87ea0d7'),(373,'Credito','2024-03-14 17:56:38.551000',76708.91731602185,'CREDITO','c9e2eac6-a32f-4096-9f8d-7879b87ea0d7'),(374,'Debito','2024-03-14 17:56:38.556000',8592.339579265408,'DEBITO','c9e2eac6-a32f-4096-9f8d-7879b87ea0d7'),(375,'Credito','2024-03-14 17:56:38.561000',124216.80902457229,'CREDITO','c9e2eac6-a32f-4096-9f8d-7879b87ea0d7'),(376,'Debito','2024-03-14 17:56:38.565000',2489.4998098366696,'DEBITO','c9e2eac6-a32f-4096-9f8d-7879b87ea0d7'),(377,'Credito','2024-03-14 17:56:38.573000',104453.00117130073,'CREDITO','c9e2eac6-a32f-4096-9f8d-7879b87ea0d7'),(378,'Debito','2024-03-14 17:56:38.579000',7149.652753999915,'DEBITO','c9e2eac6-a32f-4096-9f8d-7879b87ea0d7'),(379,'Credito','2024-03-14 17:56:38.584000',51766.629591756566,'CREDITO','c9e2eac6-a32f-4096-9f8d-7879b87ea0d7'),(380,'Debito','2024-03-14 17:56:38.590000',6305.425736197265,'DEBITO','c9e2eac6-a32f-4096-9f8d-7879b87ea0d7'),(381,'Credito','2024-03-14 17:56:38.598000',99362.56644986701,'CREDITO','f77c1349-74b1-4026-8c7f-47af146196f9'),(382,'Debito','2024-03-14 17:56:38.606000',7942.430667911479,'DEBITO','f77c1349-74b1-4026-8c7f-47af146196f9'),(383,'Credito','2024-03-14 17:56:38.611000',52273.88501974368,'CREDITO','f77c1349-74b1-4026-8c7f-47af146196f9'),(384,'Debito','2024-03-14 17:56:38.615000',5757.366083450875,'DEBITO','f77c1349-74b1-4026-8c7f-47af146196f9'),(385,'Credito','2024-03-14 17:56:38.620000',42796.77464044628,'CREDITO','f77c1349-74b1-4026-8c7f-47af146196f9'),(386,'Debito','2024-03-14 17:56:38.624000',1637.4676297283445,'DEBITO','f77c1349-74b1-4026-8c7f-47af146196f9'),(387,'Credito','2024-03-14 17:56:38.628000',99168.07605097827,'CREDITO','f77c1349-74b1-4026-8c7f-47af146196f9'),(388,'Debito','2024-03-14 17:56:38.633000',5855.884209787704,'DEBITO','f77c1349-74b1-4026-8c7f-47af146196f9'),(389,'Credito','2024-03-14 17:56:38.637000',47968.28514439808,'CREDITO','f77c1349-74b1-4026-8c7f-47af146196f9'),(390,'Debito','2024-03-14 17:56:38.640000',6485.962760034811,'DEBITO','f77c1349-74b1-4026-8c7f-47af146196f9'),(391,'Credito','2024-03-14 17:56:38.645000',43059.93603050851,'CREDITO','f77c1349-74b1-4026-8c7f-47af146196f9'),(392,'Debito','2024-03-14 17:56:38.652000',9920.125453214114,'DEBITO','f77c1349-74b1-4026-8c7f-47af146196f9'),(393,'Credito','2024-03-14 17:56:38.660000',38940.129350580726,'CREDITO','f77c1349-74b1-4026-8c7f-47af146196f9'),(394,'Debito','2024-03-14 17:56:38.669000',3008.846711205937,'DEBITO','f77c1349-74b1-4026-8c7f-47af146196f9'),(395,'Credito','2024-03-14 17:56:38.677000',66188.64795413185,'CREDITO','f77c1349-74b1-4026-8c7f-47af146196f9'),(396,'Debito','2024-03-14 17:56:38.681000',3400.6677229357438,'DEBITO','f77c1349-74b1-4026-8c7f-47af146196f9'),(397,'Credito','2024-03-14 17:56:38.685000',105096.92096005572,'CREDITO','f77c1349-74b1-4026-8c7f-47af146196f9'),(398,'Debito','2024-03-14 17:56:38.690000',5119.335193803235,'DEBITO','f77c1349-74b1-4026-8c7f-47af146196f9'),(399,'Credito','2024-03-14 17:56:38.696000',126310.06929549568,'CREDITO','f77c1349-74b1-4026-8c7f-47af146196f9'),(400,'Debito','2024-03-14 17:56:38.702000',2228.725103960743,'DEBITO','f77c1349-74b1-4026-8c7f-47af146196f9'),(401,'Credito','2024-03-14 17:56:38.749000',87941.07136589641,'CREDITO','37a744c6-f92c-4488-9254-86a9e49cf8ad'),(402,'Debito','2024-03-14 17:56:38.755000',7556.6690256159,'DEBITO','37a744c6-f92c-4488-9254-86a9e49cf8ad'),(403,'Credito','2024-03-14 17:56:38.762000',96869.63656962285,'CREDITO','37a744c6-f92c-4488-9254-86a9e49cf8ad'),(404,'Debito','2024-03-14 17:56:38.768000',4080.8440729611348,'DEBITO','37a744c6-f92c-4488-9254-86a9e49cf8ad'),(405,'Credito','2024-03-14 17:56:38.774000',57771.93865265063,'CREDITO','37a744c6-f92c-4488-9254-86a9e49cf8ad'),(406,'Debito','2024-03-14 17:56:38.782000',3847.499310259219,'DEBITO','37a744c6-f92c-4488-9254-86a9e49cf8ad'),(407,'Credito','2024-03-14 17:56:38.788000',79406.42407344733,'CREDITO','37a744c6-f92c-4488-9254-86a9e49cf8ad'),(408,'Debito','2024-03-14 17:56:38.793000',6633.213791866312,'DEBITO','37a744c6-f92c-4488-9254-86a9e49cf8ad'),(409,'Credito','2024-03-14 17:56:38.799000',114705.019053995,'CREDITO','37a744c6-f92c-4488-9254-86a9e49cf8ad'),(410,'Debito','2024-03-14 17:56:38.806000',2060.174973161609,'DEBITO','37a744c6-f92c-4488-9254-86a9e49cf8ad'),(411,'Credito','2024-03-14 17:56:38.812000',128116.54638750418,'CREDITO','37a744c6-f92c-4488-9254-86a9e49cf8ad'),(412,'Debito','2024-03-14 17:56:38.818000',4491.006167629013,'DEBITO','37a744c6-f92c-4488-9254-86a9e49cf8ad'),(413,'Credito','2024-03-14 17:56:38.822000',88344.66251336665,'CREDITO','37a744c6-f92c-4488-9254-86a9e49cf8ad'),(414,'Debito','2024-03-14 17:56:38.826000',8249.443696833752,'DEBITO','37a744c6-f92c-4488-9254-86a9e49cf8ad'),(415,'Credito','2024-03-14 17:56:38.831000',104219.39343718291,'CREDITO','37a744c6-f92c-4488-9254-86a9e49cf8ad'),(416,'Debito','2024-03-14 17:56:38.837000',6760.992060146489,'DEBITO','37a744c6-f92c-4488-9254-86a9e49cf8ad'),(417,'Credito','2024-03-14 17:56:38.841000',21645.62470023385,'CREDITO','37a744c6-f92c-4488-9254-86a9e49cf8ad'),(418,'Debito','2024-03-14 17:56:38.846000',5045.177606388137,'DEBITO','37a744c6-f92c-4488-9254-86a9e49cf8ad'),(419,'Credito','2024-03-14 17:56:38.849000',91990.60470962296,'CREDITO','37a744c6-f92c-4488-9254-86a9e49cf8ad'),(420,'Debito','2024-03-14 17:56:38.852000',7172.823432933436,'DEBITO','37a744c6-f92c-4488-9254-86a9e49cf8ad'),(421,'Credito','2024-03-14 17:56:38.858000',75460.19904818924,'CREDITO','586220bf-5793-4b23-b87c-2c66934cd82b'),(422,'Debito','2024-03-14 17:56:38.862000',8696.026916174778,'DEBITO','586220bf-5793-4b23-b87c-2c66934cd82b'),(423,'Credito','2024-03-14 17:56:38.866000',32400.124219293688,'CREDITO','586220bf-5793-4b23-b87c-2c66934cd82b'),(424,'Debito','2024-03-14 17:56:38.870000',1174.031904687277,'DEBITO','586220bf-5793-4b23-b87c-2c66934cd82b'),(425,'Credito','2024-03-14 17:56:38.873000',13348.197177497294,'CREDITO','586220bf-5793-4b23-b87c-2c66934cd82b'),(426,'Debito','2024-03-14 17:56:38.876000',3154.3714283493227,'DEBITO','586220bf-5793-4b23-b87c-2c66934cd82b'),(427,'Credito','2024-03-14 17:56:38.880000',24236.648391209354,'CREDITO','586220bf-5793-4b23-b87c-2c66934cd82b'),(428,'Debito','2024-03-14 17:56:38.883000',9865.536931646848,'DEBITO','586220bf-5793-4b23-b87c-2c66934cd82b'),(429,'Credito','2024-03-14 17:56:38.887000',72454.26991208637,'CREDITO','586220bf-5793-4b23-b87c-2c66934cd82b'),(430,'Debito','2024-03-14 17:56:38.890000',2365.688187336601,'DEBITO','586220bf-5793-4b23-b87c-2c66934cd82b'),(431,'Credito','2024-03-14 17:56:38.894000',115456.4797429245,'CREDITO','586220bf-5793-4b23-b87c-2c66934cd82b'),(432,'Debito','2024-03-14 17:56:38.898000',2542.829626983329,'DEBITO','586220bf-5793-4b23-b87c-2c66934cd82b'),(433,'Credito','2024-03-14 17:56:38.902000',36061.653363347905,'CREDITO','586220bf-5793-4b23-b87c-2c66934cd82b'),(434,'Debito','2024-03-14 17:56:38.905000',6637.364320262361,'DEBITO','586220bf-5793-4b23-b87c-2c66934cd82b'),(435,'Credito','2024-03-14 17:56:38.910000',64174.53917002077,'CREDITO','586220bf-5793-4b23-b87c-2c66934cd82b'),(436,'Debito','2024-03-14 17:56:38.913000',6460.537664850446,'DEBITO','586220bf-5793-4b23-b87c-2c66934cd82b'),(437,'Credito','2024-03-14 17:56:38.916000',96986.18026258778,'CREDITO','586220bf-5793-4b23-b87c-2c66934cd82b'),(438,'Debito','2024-03-14 17:56:38.919000',9205.150674294877,'DEBITO','586220bf-5793-4b23-b87c-2c66934cd82b'),(439,'Credito','2024-03-14 17:56:38.923000',69144.92747178162,'CREDITO','586220bf-5793-4b23-b87c-2c66934cd82b'),(440,'Debito','2024-03-14 17:56:38.927000',7321.868727162494,'DEBITO','586220bf-5793-4b23-b87c-2c66934cd82b'),(441,'Credito','2024-03-14 17:56:38.931000',78279.07269362007,'CREDITO','77a7293c-3fb8-412c-a5d2-cb11cb6e1d31'),(442,'Debito','2024-03-14 17:56:38.934000',7889.863568630457,'DEBITO','77a7293c-3fb8-412c-a5d2-cb11cb6e1d31'),(443,'Credito','2024-03-14 17:56:38.938000',93758.12700297491,'CREDITO','77a7293c-3fb8-412c-a5d2-cb11cb6e1d31'),(444,'Debito','2024-03-14 17:56:38.942000',5909.464338269381,'DEBITO','77a7293c-3fb8-412c-a5d2-cb11cb6e1d31'),(445,'Credito','2024-03-14 17:56:38.946000',118761.68940353622,'CREDITO','77a7293c-3fb8-412c-a5d2-cb11cb6e1d31'),(446,'Debito','2024-03-14 17:56:38.949000',3042.6106132921386,'DEBITO','77a7293c-3fb8-412c-a5d2-cb11cb6e1d31'),(447,'Credito','2024-03-14 17:56:38.953000',15511.671970175928,'CREDITO','77a7293c-3fb8-412c-a5d2-cb11cb6e1d31'),(448,'Debito','2024-03-14 17:56:38.957000',6220.490935478834,'DEBITO','77a7293c-3fb8-412c-a5d2-cb11cb6e1d31'),(449,'Credito','2024-03-14 17:56:38.962000',115720.11584311666,'CREDITO','77a7293c-3fb8-412c-a5d2-cb11cb6e1d31'),(450,'Debito','2024-03-14 17:56:38.966000',9813.722260642433,'DEBITO','77a7293c-3fb8-412c-a5d2-cb11cb6e1d31'),(451,'Credito','2024-03-14 17:56:38.971000',64590.72282176472,'CREDITO','77a7293c-3fb8-412c-a5d2-cb11cb6e1d31'),(452,'Debito','2024-03-14 17:56:38.975000',9446.326233735193,'DEBITO','77a7293c-3fb8-412c-a5d2-cb11cb6e1d31'),(453,'Credito','2024-03-14 17:56:38.980000',85642.1596610126,'CREDITO','77a7293c-3fb8-412c-a5d2-cb11cb6e1d31'),(454,'Debito','2024-03-14 17:56:38.984000',9148.744393942394,'DEBITO','77a7293c-3fb8-412c-a5d2-cb11cb6e1d31'),(455,'Credito','2024-03-14 17:56:38.988000',110624.70674913253,'CREDITO','77a7293c-3fb8-412c-a5d2-cb11cb6e1d31'),(456,'Debito','2024-03-14 17:56:38.992000',7145.997876657837,'DEBITO','77a7293c-3fb8-412c-a5d2-cb11cb6e1d31'),(457,'Credito','2024-03-14 17:56:38.995000',76184.03616654073,'CREDITO','77a7293c-3fb8-412c-a5d2-cb11cb6e1d31'),(458,'Debito','2024-03-14 17:56:38.999000',2814.2554269185166,'DEBITO','77a7293c-3fb8-412c-a5d2-cb11cb6e1d31'),(459,'Credito','2024-03-14 17:56:39.003000',75865.90735297486,'CREDITO','77a7293c-3fb8-412c-a5d2-cb11cb6e1d31'),(460,'Debito','2024-03-14 17:56:39.015000',1002.5589974288537,'DEBITO','77a7293c-3fb8-412c-a5d2-cb11cb6e1d31'),(461,'Credito','2024-03-14 17:56:39.029000',18608.638140301533,'CREDITO','7849eb05-38c4-48bd-94ba-4a1a9194abaf'),(462,'Debito','2024-03-14 17:56:39.040000',5186.934742135191,'DEBITO','7849eb05-38c4-48bd-94ba-4a1a9194abaf'),(463,'Credito','2024-03-14 17:56:39.047000',95965.51620214884,'CREDITO','7849eb05-38c4-48bd-94ba-4a1a9194abaf'),(464,'Debito','2024-03-14 17:56:39.059000',9622.886702810843,'DEBITO','7849eb05-38c4-48bd-94ba-4a1a9194abaf'),(465,'Credito','2024-03-14 17:56:39.073000',109742.06662400917,'CREDITO','7849eb05-38c4-48bd-94ba-4a1a9194abaf'),(466,'Debito','2024-03-14 17:56:39.080000',5501.229711560217,'DEBITO','7849eb05-38c4-48bd-94ba-4a1a9194abaf'),(467,'Credito','2024-03-14 17:56:39.088000',16202.356467828253,'CREDITO','7849eb05-38c4-48bd-94ba-4a1a9194abaf'),(468,'Debito','2024-03-14 17:56:39.096000',7943.917300882266,'DEBITO','7849eb05-38c4-48bd-94ba-4a1a9194abaf'),(469,'Credito','2024-03-14 17:56:39.102000',116049.70885001177,'CREDITO','7849eb05-38c4-48bd-94ba-4a1a9194abaf'),(470,'Debito','2024-03-14 17:56:39.108000',2744.124294160891,'DEBITO','7849eb05-38c4-48bd-94ba-4a1a9194abaf'),(471,'Credito','2024-03-14 17:56:39.117000',41449.230806791806,'CREDITO','7849eb05-38c4-48bd-94ba-4a1a9194abaf'),(472,'Debito','2024-03-14 17:56:39.127000',6942.128294470951,'DEBITO','7849eb05-38c4-48bd-94ba-4a1a9194abaf'),(473,'Credito','2024-03-14 17:56:39.137000',39737.890260677894,'CREDITO','7849eb05-38c4-48bd-94ba-4a1a9194abaf'),(474,'Debito','2024-03-14 17:56:39.144000',7409.9331993092865,'DEBITO','7849eb05-38c4-48bd-94ba-4a1a9194abaf'),(475,'Credito','2024-03-14 17:56:39.151000',52341.45874511064,'CREDITO','7849eb05-38c4-48bd-94ba-4a1a9194abaf'),(476,'Debito','2024-03-14 17:56:39.157000',3508.114265103565,'DEBITO','7849eb05-38c4-48bd-94ba-4a1a9194abaf'),(477,'Credito','2024-03-14 17:56:39.166000',117841.79219395958,'CREDITO','7849eb05-38c4-48bd-94ba-4a1a9194abaf'),(478,'Debito','2024-03-14 17:56:39.174000',4883.704750896186,'DEBITO','7849eb05-38c4-48bd-94ba-4a1a9194abaf'),(479,'Credito','2024-03-14 17:56:39.179000',98041.90868118794,'CREDITO','7849eb05-38c4-48bd-94ba-4a1a9194abaf'),(480,'Debito','2024-03-14 17:56:39.187000',4544.391834853994,'DEBITO','7849eb05-38c4-48bd-94ba-4a1a9194abaf'),(481,'Credito','2024-03-14 17:56:39.192000',20064.98501145212,'CREDITO','7bee5389-8e86-48d0-bd39-98f008187a2c'),(482,'Debito','2024-03-14 17:56:39.198000',5308.733270142405,'DEBITO','7bee5389-8e86-48d0-bd39-98f008187a2c'),(483,'Credito','2024-03-14 17:56:39.205000',37676.4888608811,'CREDITO','7bee5389-8e86-48d0-bd39-98f008187a2c'),(484,'Debito','2024-03-14 17:56:39.211000',9572.109659202537,'DEBITO','7bee5389-8e86-48d0-bd39-98f008187a2c'),(485,'Credito','2024-03-14 17:56:39.217000',89690.7033889093,'CREDITO','7bee5389-8e86-48d0-bd39-98f008187a2c'),(486,'Debito','2024-03-14 17:56:39.225000',5411.843799446126,'DEBITO','7bee5389-8e86-48d0-bd39-98f008187a2c'),(487,'Credito','2024-03-14 17:56:39.231000',107943.7690233384,'CREDITO','7bee5389-8e86-48d0-bd39-98f008187a2c'),(488,'Debito','2024-03-14 17:56:39.237000',9391.125630946111,'DEBITO','7bee5389-8e86-48d0-bd39-98f008187a2c'),(489,'Credito','2024-03-14 17:56:39.245000',14189.555370659938,'CREDITO','7bee5389-8e86-48d0-bd39-98f008187a2c'),(490,'Debito','2024-03-14 17:56:39.252000',2909.525825400555,'DEBITO','7bee5389-8e86-48d0-bd39-98f008187a2c'),(491,'Credito','2024-03-14 17:56:39.258000',23582.06867910296,'CREDITO','7bee5389-8e86-48d0-bd39-98f008187a2c'),(492,'Debito','2024-03-14 17:56:39.264000',4627.957233268071,'DEBITO','7bee5389-8e86-48d0-bd39-98f008187a2c'),(493,'Credito','2024-03-14 17:56:39.271000',18203.16737238135,'CREDITO','7bee5389-8e86-48d0-bd39-98f008187a2c'),(494,'Debito','2024-03-14 17:56:39.277000',8798.659265130944,'DEBITO','7bee5389-8e86-48d0-bd39-98f008187a2c'),(495,'Credito','2024-03-14 17:56:39.283000',70307.07287405457,'CREDITO','7bee5389-8e86-48d0-bd39-98f008187a2c'),(496,'Debito','2024-03-14 17:56:39.290000',1327.3951031468505,'DEBITO','7bee5389-8e86-48d0-bd39-98f008187a2c'),(497,'Credito','2024-03-14 17:56:39.297000',61387.83901545404,'CREDITO','7bee5389-8e86-48d0-bd39-98f008187a2c'),(498,'Debito','2024-03-14 17:56:39.305000',8047.4855662708105,'DEBITO','7bee5389-8e86-48d0-bd39-98f008187a2c'),(499,'Credito','2024-03-14 17:56:39.311000',126512.66803389689,'CREDITO','7bee5389-8e86-48d0-bd39-98f008187a2c'),(500,'Debito','2024-03-14 17:56:39.316000',9096.112861597845,'DEBITO','7bee5389-8e86-48d0-bd39-98f008187a2c'),(501,'Credito','2024-03-14 17:56:39.322000',77157.08298315894,'CREDITO','89b08c41-b504-49db-877e-8af0c8f9b23f'),(502,'Debito','2024-03-14 17:56:39.327000',6945.646369251352,'DEBITO','89b08c41-b504-49db-877e-8af0c8f9b23f'),(503,'Credito','2024-03-14 17:56:39.334000',90457.43471017205,'CREDITO','89b08c41-b504-49db-877e-8af0c8f9b23f'),(504,'Debito','2024-03-14 17:56:39.342000',7690.390566333536,'DEBITO','89b08c41-b504-49db-877e-8af0c8f9b23f'),(505,'Credito','2024-03-14 17:56:39.349000',85666.50181688878,'CREDITO','89b08c41-b504-49db-877e-8af0c8f9b23f'),(506,'Debito','2024-03-14 17:56:39.354000',9646.52073577472,'DEBITO','89b08c41-b504-49db-877e-8af0c8f9b23f'),(507,'Credito','2024-03-14 17:56:39.359000',73838.8958530139,'CREDITO','89b08c41-b504-49db-877e-8af0c8f9b23f'),(508,'Debito','2024-03-14 17:56:39.366000',2355.1155324127994,'DEBITO','89b08c41-b504-49db-877e-8af0c8f9b23f'),(509,'Credito','2024-03-14 17:56:39.372000',95439.2473897489,'CREDITO','89b08c41-b504-49db-877e-8af0c8f9b23f'),(510,'Debito','2024-03-14 17:56:39.378000',4240.761721715997,'DEBITO','89b08c41-b504-49db-877e-8af0c8f9b23f'),(511,'Credito','2024-03-14 17:56:39.384000',30587.29160127669,'CREDITO','89b08c41-b504-49db-877e-8af0c8f9b23f'),(512,'Debito','2024-03-14 17:56:39.390000',8667.504986468377,'DEBITO','89b08c41-b504-49db-877e-8af0c8f9b23f'),(513,'Credito','2024-03-14 17:56:39.395000',72834.8994926716,'CREDITO','89b08c41-b504-49db-877e-8af0c8f9b23f'),(514,'Debito','2024-03-14 17:56:39.402000',9036.84006047948,'DEBITO','89b08c41-b504-49db-877e-8af0c8f9b23f'),(515,'Credito','2024-03-14 17:56:39.410000',101390.35417683257,'CREDITO','89b08c41-b504-49db-877e-8af0c8f9b23f'),(516,'Debito','2024-03-14 17:56:39.417000',3116.54145199684,'DEBITO','89b08c41-b504-49db-877e-8af0c8f9b23f'),(517,'Credito','2024-03-14 17:56:39.424000',27119.345172333502,'CREDITO','89b08c41-b504-49db-877e-8af0c8f9b23f'),(518,'Debito','2024-03-14 17:56:39.429000',4592.574550775288,'DEBITO','89b08c41-b504-49db-877e-8af0c8f9b23f'),(519,'Credito','2024-03-14 17:56:39.434000',69890.29108485911,'CREDITO','89b08c41-b504-49db-877e-8af0c8f9b23f'),(520,'Debito','2024-03-14 17:56:39.441000',6157.893061564765,'DEBITO','89b08c41-b504-49db-877e-8af0c8f9b23f'),(521,'Credito','2024-03-14 17:56:39.447000',31197.94168727756,'CREDITO','934cdc29-af30-4c9f-a79b-275b4d1361dd'),(522,'Debito','2024-03-14 17:56:39.453000',2441.037381798069,'DEBITO','934cdc29-af30-4c9f-a79b-275b4d1361dd'),(523,'Credito','2024-03-14 17:56:39.458000',105673.75118422793,'CREDITO','934cdc29-af30-4c9f-a79b-275b4d1361dd'),(524,'Debito','2024-03-14 17:56:39.463000',8024.141488903272,'DEBITO','934cdc29-af30-4c9f-a79b-275b4d1361dd'),(525,'Credito','2024-03-14 17:56:39.468000',14128.867435915388,'CREDITO','934cdc29-af30-4c9f-a79b-275b4d1361dd'),(526,'Debito','2024-03-14 17:56:39.475000',2384.8873907855523,'DEBITO','934cdc29-af30-4c9f-a79b-275b4d1361dd'),(527,'Credito','2024-03-14 17:56:39.480000',52105.36830254499,'CREDITO','934cdc29-af30-4c9f-a79b-275b4d1361dd'),(528,'Debito','2024-03-14 17:56:39.485000',6141.413487514866,'DEBITO','934cdc29-af30-4c9f-a79b-275b4d1361dd'),(529,'Credito','2024-03-14 17:56:39.490000',21338.312593544906,'CREDITO','934cdc29-af30-4c9f-a79b-275b4d1361dd'),(530,'Debito','2024-03-14 17:56:39.493000',2695.101646039313,'DEBITO','934cdc29-af30-4c9f-a79b-275b4d1361dd'),(531,'Credito','2024-03-14 17:56:39.497000',103735.08958903083,'CREDITO','934cdc29-af30-4c9f-a79b-275b4d1361dd'),(532,'Debito','2024-03-14 17:56:39.502000',7606.067523531202,'DEBITO','934cdc29-af30-4c9f-a79b-275b4d1361dd'),(533,'Credito','2024-03-14 17:56:39.507000',102013.8163221639,'CREDITO','934cdc29-af30-4c9f-a79b-275b4d1361dd'),(534,'Debito','2024-03-14 17:56:39.511000',3543.234785646204,'DEBITO','934cdc29-af30-4c9f-a79b-275b4d1361dd'),(535,'Credito','2024-03-14 17:56:39.514000',88439.19934453482,'CREDITO','934cdc29-af30-4c9f-a79b-275b4d1361dd'),(536,'Debito','2024-03-14 17:56:39.518000',8808.863812993412,'DEBITO','934cdc29-af30-4c9f-a79b-275b4d1361dd'),(537,'Credito','2024-03-14 17:56:39.520000',90456.78479551012,'CREDITO','934cdc29-af30-4c9f-a79b-275b4d1361dd'),(538,'Debito','2024-03-14 17:56:39.523000',1520.7556643620446,'DEBITO','934cdc29-af30-4c9f-a79b-275b4d1361dd'),(539,'Credito','2024-03-14 17:56:39.527000',43634.63098877287,'CREDITO','934cdc29-af30-4c9f-a79b-275b4d1361dd'),(540,'Debito','2024-03-14 17:56:39.530000',3959.0916925774154,'DEBITO','934cdc29-af30-4c9f-a79b-275b4d1361dd'),(541,'Credito','2024-03-14 17:56:39.535000',59229.8433103412,'CREDITO','a84530d0-a63d-4466-a605-05c38167cbdc'),(542,'Debito','2024-03-14 17:56:39.539000',6154.666319202621,'DEBITO','a84530d0-a63d-4466-a605-05c38167cbdc'),(543,'Credito','2024-03-14 17:56:39.542000',113835.86661198687,'CREDITO','a84530d0-a63d-4466-a605-05c38167cbdc'),(544,'Debito','2024-03-14 17:56:39.546000',3957.413566087663,'DEBITO','a84530d0-a63d-4466-a605-05c38167cbdc'),(545,'Credito','2024-03-14 17:56:39.549000',96739.41889159616,'CREDITO','a84530d0-a63d-4466-a605-05c38167cbdc'),(546,'Debito','2024-03-14 17:56:39.553000',9915.53365872725,'DEBITO','a84530d0-a63d-4466-a605-05c38167cbdc'),(547,'Credito','2024-03-14 17:56:39.556000',38503.40156746489,'CREDITO','a84530d0-a63d-4466-a605-05c38167cbdc'),(548,'Debito','2024-03-14 17:56:39.559000',1793.728184035771,'DEBITO','a84530d0-a63d-4466-a605-05c38167cbdc'),(549,'Credito','2024-03-14 17:56:39.562000',20448.645382377683,'CREDITO','a84530d0-a63d-4466-a605-05c38167cbdc'),(550,'Debito','2024-03-14 17:56:39.565000',7332.218037557326,'DEBITO','a84530d0-a63d-4466-a605-05c38167cbdc'),(551,'Credito','2024-03-14 17:56:39.569000',84562.41330970998,'CREDITO','a84530d0-a63d-4466-a605-05c38167cbdc'),(552,'Debito','2024-03-14 17:56:39.572000',7405.1398936160995,'DEBITO','a84530d0-a63d-4466-a605-05c38167cbdc'),(553,'Credito','2024-03-14 17:56:39.575000',39220.322098965844,'CREDITO','a84530d0-a63d-4466-a605-05c38167cbdc'),(554,'Debito','2024-03-14 17:56:39.579000',1477.0010720575722,'DEBITO','a84530d0-a63d-4466-a605-05c38167cbdc'),(555,'Credito','2024-03-14 17:56:39.586000',87150.00857746882,'CREDITO','a84530d0-a63d-4466-a605-05c38167cbdc'),(556,'Debito','2024-03-14 17:56:39.592000',9719.162175746611,'DEBITO','a84530d0-a63d-4466-a605-05c38167cbdc'),(557,'Credito','2024-03-14 17:56:39.597000',64344.347014676176,'CREDITO','a84530d0-a63d-4466-a605-05c38167cbdc'),(558,'Debito','2024-03-14 17:56:39.604000',6265.482262619546,'DEBITO','a84530d0-a63d-4466-a605-05c38167cbdc'),(559,'Credito','2024-03-14 17:56:39.612000',15079.077281347221,'CREDITO','a84530d0-a63d-4466-a605-05c38167cbdc'),(560,'Debito','2024-03-14 17:56:39.618000',5428.574949712696,'DEBITO','a84530d0-a63d-4466-a605-05c38167cbdc'),(561,'Credito','2024-03-14 17:56:39.625000',98608.81830082189,'CREDITO','c9e2eac6-a32f-4096-9f8d-7879b87ea0d7'),(562,'Debito','2024-03-14 17:56:39.632000',8727.522165997943,'DEBITO','c9e2eac6-a32f-4096-9f8d-7879b87ea0d7'),(563,'Credito','2024-03-14 17:56:39.638000',54186.471311403155,'CREDITO','c9e2eac6-a32f-4096-9f8d-7879b87ea0d7'),(564,'Debito','2024-03-14 17:56:39.643000',9896.889873474076,'DEBITO','c9e2eac6-a32f-4096-9f8d-7879b87ea0d7'),(565,'Credito','2024-03-14 17:56:39.648000',106328.57137230856,'CREDITO','c9e2eac6-a32f-4096-9f8d-7879b87ea0d7'),(566,'Debito','2024-03-14 17:56:39.654000',2648.6775149028726,'DEBITO','c9e2eac6-a32f-4096-9f8d-7879b87ea0d7'),(567,'Credito','2024-03-14 17:56:39.660000',42162.93583766681,'CREDITO','c9e2eac6-a32f-4096-9f8d-7879b87ea0d7'),(568,'Debito','2024-03-14 17:56:39.666000',9477.168939363295,'DEBITO','c9e2eac6-a32f-4096-9f8d-7879b87ea0d7'),(569,'Credito','2024-03-14 17:56:39.672000',104549.66786874851,'CREDITO','c9e2eac6-a32f-4096-9f8d-7879b87ea0d7'),(570,'Debito','2024-03-14 17:56:39.678000',3755.9865958376836,'DEBITO','c9e2eac6-a32f-4096-9f8d-7879b87ea0d7'),(571,'Credito','2024-03-14 17:56:39.684000',112641.87264599898,'CREDITO','c9e2eac6-a32f-4096-9f8d-7879b87ea0d7'),(572,'Debito','2024-03-14 17:56:39.689000',9441.981952864748,'DEBITO','c9e2eac6-a32f-4096-9f8d-7879b87ea0d7'),(573,'Credito','2024-03-14 17:56:39.692000',76703.04757945071,'CREDITO','c9e2eac6-a32f-4096-9f8d-7879b87ea0d7'),(574,'Debito','2024-03-14 17:56:39.695000',9927.628880177212,'DEBITO','c9e2eac6-a32f-4096-9f8d-7879b87ea0d7'),(575,'Credito','2024-03-14 17:56:39.698000',14253.73480281753,'CREDITO','c9e2eac6-a32f-4096-9f8d-7879b87ea0d7'),(576,'Debito','2024-03-14 17:56:39.701000',2668.575706537997,'DEBITO','c9e2eac6-a32f-4096-9f8d-7879b87ea0d7'),(577,'Credito','2024-03-14 17:56:39.704000',94785.19061594547,'CREDITO','c9e2eac6-a32f-4096-9f8d-7879b87ea0d7'),(578,'Debito','2024-03-14 17:56:39.709000',6742.893981630943,'DEBITO','c9e2eac6-a32f-4096-9f8d-7879b87ea0d7'),(579,'Credito','2024-03-14 17:56:39.713000',82032.53755105527,'CREDITO','c9e2eac6-a32f-4096-9f8d-7879b87ea0d7'),(580,'Debito','2024-03-14 17:56:39.717000',1200.8683933504585,'DEBITO','c9e2eac6-a32f-4096-9f8d-7879b87ea0d7'),(581,'Credito','2024-03-14 17:56:39.722000',24698.41005602678,'CREDITO','f77c1349-74b1-4026-8c7f-47af146196f9'),(582,'Debito','2024-03-14 17:56:39.726000',6057.062348475853,'DEBITO','f77c1349-74b1-4026-8c7f-47af146196f9'),(583,'Credito','2024-03-14 17:56:39.729000',53990.61286556267,'CREDITO','f77c1349-74b1-4026-8c7f-47af146196f9'),(584,'Debito','2024-03-14 17:56:39.733000',2818.668326533024,'DEBITO','f77c1349-74b1-4026-8c7f-47af146196f9'),(585,'Credito','2024-03-14 17:56:39.737000',61687.95971774922,'CREDITO','f77c1349-74b1-4026-8c7f-47af146196f9'),(586,'Debito','2024-03-14 17:56:39.741000',4185.210012008702,'DEBITO','f77c1349-74b1-4026-8c7f-47af146196f9'),(587,'Credito','2024-03-14 17:56:39.744000',84857.50798855422,'CREDITO','f77c1349-74b1-4026-8c7f-47af146196f9'),(588,'Debito','2024-03-14 17:56:39.747000',5784.560294054709,'DEBITO','f77c1349-74b1-4026-8c7f-47af146196f9'),(589,'Credito','2024-03-14 17:56:39.750000',58867.98762057674,'CREDITO','f77c1349-74b1-4026-8c7f-47af146196f9'),(590,'Debito','2024-03-14 17:56:39.753000',7709.620844910027,'DEBITO','f77c1349-74b1-4026-8c7f-47af146196f9'),(591,'Credito','2024-03-14 17:56:39.756000',91908.50965953404,'CREDITO','f77c1349-74b1-4026-8c7f-47af146196f9'),(592,'Debito','2024-03-14 17:56:39.759000',1010.1888429017675,'DEBITO','f77c1349-74b1-4026-8c7f-47af146196f9'),(593,'Credito','2024-03-14 17:56:39.763000',11632.870781459598,'CREDITO','f77c1349-74b1-4026-8c7f-47af146196f9'),(594,'Debito','2024-03-14 17:56:39.767000',7887.393971437167,'DEBITO','f77c1349-74b1-4026-8c7f-47af146196f9'),(595,'Credito','2024-03-14 17:56:39.771000',54488.06798077769,'CREDITO','f77c1349-74b1-4026-8c7f-47af146196f9'),(596,'Debito','2024-03-14 17:56:39.775000',8986.205653937173,'DEBITO','f77c1349-74b1-4026-8c7f-47af146196f9'),(597,'Credito','2024-03-14 17:56:39.781000',64305.33222663384,'CREDITO','f77c1349-74b1-4026-8c7f-47af146196f9'),(598,'Debito','2024-03-14 17:56:39.787000',6128.007559503789,'DEBITO','f77c1349-74b1-4026-8c7f-47af146196f9'),(599,'Credito','2024-03-14 17:56:39.794000',119262.98743498343,'CREDITO','f77c1349-74b1-4026-8c7f-47af146196f9'),(600,'Debito','2024-03-14 17:56:39.804000',4953.940480306363,'DEBITO','f77c1349-74b1-4026-8c7f-47af146196f9'),(601,'Transferencia baby shower','2024-03-15 09:15:33.895000',80000.59,'DEBITO','37a744c6-f92c-4488-9254-86a9e49cf8ad'),(602,'Transferencia baby shower','2024-03-15 09:15:54.267000',24000.59,'DEBITO','37a744c6-f92c-4488-9254-86a9e49cf8ad'),(603,'Transferencia por credito','2024-03-15 09:19:17.332000',1100.99,'CREDITO','37a744c6-f92c-4488-9254-86a9e49cf8ad'),(604,'Transferencia a: 37a744c6-f92c-4488-9254-86a9e49cf8ad','2024-03-15 09:22:41.417000',100090.59,'DEBITO','586220bf-5793-4b23-b87c-2c66934cd82b'),(605,'Transferencia de: 586220bf-5793-4b23-b87c-2c66934cd82b','2024-03-15 09:22:41.425000',100090.59,'CREDITO','37a744c6-f92c-4488-9254-86a9e49cf8ad');
/*!40000 ALTER TABLE `operacion_cuenta` ENABLE KEYS */;
UNLOCK TABLES;
/*!40103 SET TIME_ZONE=@OLD_TIME_ZONE */;

/*!40101 SET SQL_MODE=@OLD_SQL_MODE */;
/*!40014 SET FOREIGN_KEY_CHECKS=@OLD_FOREIGN_KEY_CHECKS */;
/*!40014 SET UNIQUE_CHECKS=@OLD_UNIQUE_CHECKS */;
/*!40101 SET CHARACTER_SET_CLIENT=@OLD_CHARACTER_SET_CLIENT */;
/*!40101 SET CHARACTER_SET_RESULTS=@OLD_CHARACTER_SET_RESULTS */;
/*!40101 SET COLLATION_CONNECTION=@OLD_COLLATION_CONNECTION */;
/*!40111 SET SQL_NOTES=@OLD_SQL_NOTES */;

-- Dump completed on 2024-03-18 14:29:17
